id,title,character_id,rarity,country,character_first_name_en,series,manually_added
1,【中央の魔法使い】オズ,1,1,1,oz,main,
2,【感謝を伝えたくて】オズ,1,2,1,oz,main,
3,【視線の先にいるもの】オズ,1,2,1,oz,main,
4,【彼が眠っている理由】オズ,1,3,1,oz,main,
5,【一番の特効薬】オズ,1,3,1,oz,main,
6,【白銀の世界に現る】オズ,1,4,1,oz,main,
7,【中央の魔法使い】アーサー,2,1,1,arthur,main,
8,【涙を拭う王子様】アーサー,2,2,1,arthur,main,
9,【努力は人知れず】アーサー,2,2,1,arthur,main,
10,【いつだって一生懸命】アーサー,2,3,1,arthur,main,
11,【雑務もお任せください】アーサー,2,3,1,arthur,main,
12,【民のために】アーサー,2,4,1,arthur,main,
13,【中央の魔法使い】カイン,3,1,1,cain,main,
14,【本音を言ったのに】カイン,3,2,1,cain,main,
15,【力仕事はお任せ】カイン,3,2,1,cain,main,
16,【見間違い？】カイン,3,3,1,cain,main,
17,【秘密の夜】カイン,3,3,1,cain,main,
18,【もう二度と、絶対に】カイン,3,4,1,cain,main,
19,【中央の魔法使い】リケ,4,1,1,riquet,main,
20,【初めてのコーヒー】リケ,4,2,1,riquet,main,
21,【一緒に頑張りましょう！】リケ,4,2,1,riquet,main,
22,【つまみたくなるほっぺ】リケ,4,3,1,riquet,main,
23,【まだまだ勉強途中】リケ,4,3,1,riquet,main,
24,【あなたがいてくれたから】リケ,4,4,1,riquet,main,
25,【北の魔法使い】スノウ,5,1,2,snow,main,
26,【どっちがどっち？】スノウ,5,2,2,snow,main,
27,【お揃いブローチ】スノウ,5,2,2,snow,main,
28,【予言を授けよう】スノウ,5,3,2,snow,main,
29,【悪戯っ子の正体】スノウ,5,3,2,snow,main,
30,【夜空に浮かぶ】スノウ,5,4,2,snow,main,
31,【北の魔法使い】ホワイト,6,1,2,white,main,
32,【優しい体温】ホワイト,6,2,2,white,main,
33,【禁断の書物！？】ホワイト,6,2,2,white,main,
34,【ちゅーちゅーパニック】ホワイト,6,3,2,white,main,
35,【良い子にはご褒美じゃ！】ホワイト,6,3,2,white,main,
36,【差し出された手】ホワイト,6,4,2,white,main,
37,【北の魔法使い】ミスラ,7,1,2,mithra,main,
38,【訝しげティーカップ】ミスラ,7,2,2,mithra,main,
39,【水濡れ色男】ミスラ,7,2,2,mithra,main,
40,【用法用量をお守りください】ミスラ,7,3,2,mithra,main,
41,【刺激的なひとときを】ミスラ,7,3,2,mithra,main,
42,【招かれざる客】ミスラ,7,4,2,mithra,main,
43,【北の魔法使い】オーエン,8,1,2,owen,main,
44,【ご機嫌ビスケット】オーエン,8,2,2,owen,main,
45,【真意を見せない瞳】オーエン,8,2,2,owen,main,
46,【優しい時間】オーエン,8,3,2,owen,main,
47,【計画通り】オーエン,8,3,2,owen,main,
48,【妖艶に笑う】オーエン,8,4,2,owen,main,
49,【北の魔法使い】ブラッドリー,9,1,2,bradley,main,
50,【気怠げブランケット】ブラッドリー,9,2,2,bradley,main,
51,【あつあつおじや】ブラッドリー,9,2,2,bradley,main,
52,【いいもんみっけ】ブラッドリー,9,3,2,bradley,main,
53,【お望み通りに】ブラッドリー,9,3,2,bradley,main,
54,【死の盗賊団】ブラッドリー,9,4,2,bradley,main,
55,【東の魔法使い】ファウスト,10,1,3,faust,main,
56,【君だけに見せる顔】ファウスト,10,2,3,faust,main,
57,【こっそり吟味中】ファウスト,10,2,3,faust,main,
58,【頼もしい生徒】ファウスト,10,3,3,faust,main,
59,【呪い屋の微笑み】ファウスト,10,3,3,faust,main,
60,【鎮魂の呪文】ファウスト,10,4,3,faust,main,
61,【東の魔法使い】シノ,11,1,3,shino,main,
62,【ゆびきりげんまん】シノ,11,2,3,shino,main,
63,【灯る道しるべ】シノ,11,2,3,shino,main,
64,【暖かな夜明け】シノ,11,3,3,shino,main,
65,【報酬はもちろん】シノ,11,3,3,shino,main,
66,【自慢の友達】シノ,11,4,3,shino,main,
67,【東の魔法使い】ヒースクリフ,12,1,3,heathcliff,main,
68,【癒しの眼差し】ヒースクリフ,12,2,3,heathcliff,main,
69,【新たな息吹を】ヒースクリフ,12,2,3,heathcliff,main,
70,【刺激的な目覚め】ヒースクリフ,12,3,3,heathcliff,main,
71,【朝一番のお手伝い】ヒースクリフ,12,3,3,heathcliff,main,
72,【魔法使いのシュガー】ヒースクリフ,12,4,3,heathcliff,main,
73,【東の魔法使い】ネロ,13,1,3,nero,main,
74,【召し上がれ】ネロ,13,2,3,nero,main,
75,【年長者の苦労】ネロ,13,2,3,nero,main,
76,【食材選びが肝心】ネロ,13,3,3,nero,main,
77,【玉ねぎの洗礼】ネロ,13,3,3,nero,main,
78,【華麗な手さばき】ネロ,13,4,3,nero,main,
79,【西の魔法使い】シャイロック,14,1,4,shylock,main,
80,【どこかの誰かのように】シャイロック,14,2,4,shylock,main,
81,【一戦いかがですか？】シャイロック,14,2,4,shylock,main,
82,【月下の秘め事】シャイロック,14,3,4,shylock,main,
83,【あなたもご一緒に】シャイロック,14,3,4,shylock,main,
84,【刻まれたもの】シャイロック,14,4,4,shylock,main,
85,【西の魔法使い】ムル,15,1,4,murr,main,
86,【真似っこにゃんこ】ムル,15,2,4,murr,main,
87,【狙いを定めて】ムル,15,2,4,murr,main,
88,【追跡開始】ムル,15,3,4,murr,main,
89,【新しい遊び】ムル,15,3,4,murr,main,
90,【花かけらの波】ムル,15,4,4,murr,main,
91,【西の魔法使い】クロエ,16,1,4,chloe,main,
92,【裁縫ならお任せ】クロエ,16,2,4,chloe,main,
93,【暖かさで包み込んで】クロエ,16,2,4,chloe,main,
94,【借りてきた猫のように】クロエ,16,3,4,chloe,main,
95,【はちゃめちゃステップ】クロエ,16,3,4,chloe,main,
96,【お揃いのプレゼント】クロエ,16,4,4,chloe,main,
97,【西の魔法使い】ラスティカ,17,1,4,rustica,main,
98,【紳士の腕には】ラスティカ,17,2,4,rustica,main,
99,【早起きは苦手です】ラスティカ,17,2,4,rustica,main,
100,【素敵な贈り物を】ラスティカ,17,3,4,rustica,main,
101,【響く歌声】ラスティカ,17,3,4,rustica,main,
102,【世界一の仕立て屋へ】ラスティカ,17,4,4,rustica,main,
103,【南の魔法使い】フィガロ,18,1,5,figaro,main,
104,【これは参ったな】フィガロ,18,2,5,figaro,main,
105,【ただいま診察中】フィガロ,18,2,5,figaro,main,
106,【からかい上手】フィガロ,18,3,5,figaro,main,
107,【おとなの絵本】フィガロ,18,3,5,figaro,main,
108,【垣間見えるのは】フィガロ,18,4,5,figaro,main,
109,【南の魔法使い】ルチル,19,1,5,rutile,main,
110,【南の国の教師】ルチル,19,2,5,rutile,main,
111,【人形劇をご覧あれ】ルチル,19,2,5,rutile,main,
112,【美味しさに酔いしれて】ルチル,19,3,5,rutile,main,
113,【キャンバスに描くのは】ルチル,19,3,5,rutile,main,
114,【茜色に染まる笑顔】ルチル,19,4,5,rutile,main,
115,【南の魔法使い】レノックス,20,1,5,lennox,main,
116,【羊飼いの実力】レノックス,20,2,5,lennox,main,
117,【よーく伸ばして】レノックス,20,2,5,lennox,main,
118,【お互い様な関係】レノックス,20,3,5,lennox,main,
119,【救援の水しぶき】レノックス,20,3,5,lennox,main,
120,【パンのお礼に】レノックス,20,4,5,lennox,main,
121,【南の魔法使い】ミチル,21,1,5,mitile,main,
122,【役に立ちたくて】ミチル,21,2,5,mitile,main,
123,【いつか一人前に】ミチル,21,2,5,mitile,main,
124,【誤魔化した秘密】ミチル,21,3,5,mitile,main,
125,【お日様の下で】ミチル,21,3,5,mitile,main,
126,【お勉強タイム】ミチル,21,4,5,mitile,main,
127,【チキンは俺のもの】ブラッドリー,9,4,2,bradley,bd_201912,
128,【一度でいいから】ミチル,21,4,5,mitile,bd_201912,
129,【彷徨う魂に救済を】シャイロック,14,4,4,shylock,shukusai_west,
130,【わくわくのプレゼント】ムル,15,4,4,murr,shukusai_west,
131,【幸せのおすそ分け】クロエ,16,4,4,chloe,shukusai_west,
132,【最高の時間を】ラスティカ,17,4,4,rustica,shukusai_west,
133,【思うままに】シノ,11,3,3,shino,shukusai_west,
134,【孤独な神殿に響く呪文】ヒースクリフ,12,3,3,heathcliff,shukusai_west,
135,【カード捌きはお手の物】ネロ,13,2,3,nero,shukusai_west,
136,【引き当てたカードは？】ファウスト,10,2,3,faust,shukusai_west,
137,【怒りは果てもなく】オズ,1,4,1,oz,shukusai_central,
138,【使命の先に恐れはなく】アーサー,2,4,1,arthur,shukusai_central,
139,【騎士は砂塵を切り裂いて】カイン,3,4,1,cain,shukusai_central,
140,【砂嵐に光をかざして】リケ,4,4,1,riquet,shukusai_central,
141,【不屈の神殿に祈りを】ルチル,19,3,5,rutile,shukusai_central,
142,【掌中の声にご注意を】ミチル,21,3,5,mitile,shukusai_central,
143,【奏でる音色は】フィガロ,18,2,5,figaro,shukusai_central,
144,【赤い果実の甘さ】レノックス,20,2,5,lennox,shukusai_central,
145,【隠せない喜び】ファウスト,10,4,3,faust,bd_202001,
146,【凛と響いた声は】ファウスト,10,4,3,faust,shukusai_east,
147,【孤独を照らす光】シノ,11,4,3,shino,shukusai_east,
148,【照らされた真実】ヒースクリフ,12,4,3,heathcliff,shukusai_east,
149,【魔法使いは微笑う】ネロ,13,4,3,nero,shukusai_east,
150,【神殿に祝福を】ホワイト,6,3,2,white,shukusai_east,
151,【助けてほしい？】オーエン,8,3,2,owen,shukusai_east,
152,【淡く優しい光】スノウ,5,2,2,snow,shukusai_east,
153,【あげませんけど】ミスラ,7,2,2,mithra,shukusai_east,
154,【ご機嫌な理由は】ブラッドリー,9,2,2,bradley,shukusai_east,
155,【照れた笑顔が見たくて】フィガロ,18,4,5,figaro,shukusai_south,
156,【かけがえのない夕焼け】ルチル,19,4,5,rutile,shukusai_south,
157,【甘やかないたわり】レノックス,20,4,5,lennox,shukusai_south,
158,【きっと一生忘れない】ミチル,21,4,5,mitile,shukusai_south,
159,【たゆたう芳香】シャイロック,14,3,4,shylock,shukusai_south,
160,【それは素敵であたたかな】クロエ,16,3,4,chloe,shukusai_south,
161,【きらきらの発見】ムル,15,2,4,murr,shukusai_south,
162,【まるで花嫁のように】ラスティカ,17,2,4,rustica,shukusai_south,
163,【なんだか騒がしいですね】ミスラ,7,4,2,mithra,bd_202002,
164,【誕生日おめでとう、俺！】ムル,15,4,4,murr,bd_202002,
165,【凍原に眠る気配】スノウ,5,4,2,snow,shukusai_north,
166,【凍原を統べる矜持】ホワイト,6,4,2,white,shukusai_north,
167,【炎は移り気で熱く】ミスラ,7,4,2,mithra,shukusai_north,
168,【秘密と妖しい笑み】オーエン,8,4,2,owen,shukusai_north,
169,【盗賊は野望に笑う】ブラッドリー,9,4,2,bradley,shukusai_north,
170,【神殿に駆けつけた希望】カイン,3,3,1,cain,shukusai_north,
171,【貴方のために祈ります】リケ,4,3,1,riquet,shukusai_north,
172,【手の中の思い出】オズ,1,2,1,oz,shukusai_north,
173,【寒ささえ懐かしく】アーサー,2,2,1,arthur,shukusai_north,
174,【甘く蕩けるギフトを】オズ,1,4,1,oz,vd_2020,
175,【それは甘美でほろ苦く】ファウスト,10,4,3,faust,vd_2020,
176,【薄暮の微笑は婉然と】シャイロック,14,4,4,shylock,vd_2020,
177,【夢のような黄昏】スノウ,5,3,2,snow,vd_2020,
178,【贅沢なひととき】ホワイト,6,3,2,white,vd_2020,
179,【食べてからのお楽しみ】フィガロ,18,3,5,figaro,vd_2020,
180,【ほしいのか？】シノ,11,2,3,shino,vd_2020,
181,【友情を込めて】ミチル,21,2,5,mitile,vd_2020,
182,【あどけない笑顔】アーサー,2,4,1,arthur,bd_202003,
183,【小鳥たちに捧ぐ歌】ラスティカ,17,4,4,rustica,bd_202003,
184,【仮面の中で煌めく魔法】ムル,15,4,4,murr,kunren_west,
185,【仕立て屋の笑顔に乾杯を】クロエ,16,4,4,chloe,kunren_west,
186,【師匠の笑みは誰のため】ラスティカ,17,4,4,rustica,kunren_west,
187,【お洒落の魔法をかけて】ルチル,19,3,5,rutile,kunren_west,
188,【温かな眼差し】レノックス,20,3,5,lennox,kunren_west,
189,【呪文に願いを】ミチル,21,3,5,mitile,kunren_west,
190,【お手をどうぞ？】シャイロック,14,2,4,shylock,kunren_west,
191,【似合ってる？】フィガロ,18,2,5,figaro,kunren_west,
192,【無垢に輝く記憶】リケ,4,4,1,riquet,wd_2020,
193,【夢幻の城に祝福を】ヒースクリフ,12,4,3,heathcliff,wd_2020,
194,【散らばる花は繊細で】ネロ,13,4,3,nero,wd_2020,
195,【無邪気に翻弄されて】オズ,1,3,1,oz,wd_2020,
196,【甘やかな砂糖の城にて】カイン,3,3,1,cain,wd_2020,
197,【正念場は豪快に】ブラッドリー,9,3,2,bradley,wd_2020,
198,【気分急降下】オーエン,8,2,2,owen,wd_2020,
199,【親愛の贈り物】レノックス,20,2,5,lennox,wd_2020,
200,【綴られた想いは】オズ,1,4,1,oz,bd_202004,
201,【ご自慢のプレゼント】シノ,11,4,3,shino,bd_202004,
202,【初めまして、転校生様】アーサー,2,4,1,arthur,af_2020,
203,【目を合わせるな】ミスラ,7,4,2,mithra,af_2020,
204,【春の日を切り取って】ルチル,19,4,5,rutile,af_2020,
205,【予想外の手助け】ファウスト,10,3,3,faust,af_2020,
206,【大胆にサービスを】シノ,11,3,3,shino,af_2020,
207,【扉をくぐり抜ければ】ムル,15,3,4,murr,af_2020,
208,【学園の人気者】カイン,3,2,1,cain,af_2020,
209,【新しい道へ】ネロ,13,2,3,nero,af_2020,
210,【出席取りますよ！】クックロビン,22,2,1,cockrobin,af_2020,
211,【手のかかる愛し子たち】スノウ,5,4,2,snow,kunren_north,
212,【捧ぐ盃、重ねる拳】ホワイト,6,4,2,white,kunren_north,
213,【浮かぶ首領の面影】ブラッドリー,9,4,2,bradley,kunren_north,
214,【獰猛な誘惑】オーエン,8,3,2,owen,kunren_north,
215,【明日を楽しむすべ】シャイロック,14,3,4,shylock,kunren_north,
216,【在り方は違えど】ラスティカ,17,3,4,rustica,kunren_north,
217,【乾杯の支度】ミスラ,7,2,2,mithra,kunren_north,
218,【燦然と輝く】クロエ,16,2,4,chloe,kunren_north,
219,【きみに呼ばれて】スノウ,5,4,2,snow,bd_202005,
220,【きみと笑って】ホワイト,6,4,2,white,bd_202005,
221,【穏やかな森のひととき】レノックス,20,4,5,lennox,bd_202005,
222,【知恵者の微笑み】ムル,15,4,4,murr,warupurugis_2020,
223,【大輪の花火よりも】クロエ,16,4,4,chloe,warupurugis_2020,
224,【宴の終わりをきみと】フィガロ,18,4,5,figaro,warupurugis_2020,
225,【夜を照らす凛々しさ】ヒースクリフ,12,3,3,heathcliff,warupurugis_2020,
226,【スマートな優しさ】レノックス,20,3,5,lennox,warupurugis_2020,
227,【もうはぐれないように】ミチル,21,3,5,mitile,warupurugis_2020,
228,【見るものすべて珍しく】リケ,4,2,1,riquet,warupurugis_2020,
229,【風変わりな飴のお味は】オーエン,8,2,2,owen,warupurugis_2020,
230,【王子に小さな賞賛を】オズ,1,4,1,oz,kunren_central,
231,【いつか、手を取り合って】アーサー,2,4,1,arthur,kunren_central,
232,【導きの手を差し出して】リケ,4,4,1,riquet,kunren_central,
233,【いざ特殊任務へ】カイン,3,3,1,cain,kunren_central,
234,【かつて抱いた希望】ファウスト,10,3,3,faust,kunren_central,
235,【潜入はお任せを】ネロ,13,3,3,nero,kunren_central,
236,【メダルの出来栄えは】シノ,11,2,3,shino,kunren_central,
237,【掲げたペンダント】ヒースクリフ,12,2,3,heathcliff,kunren_central,
238,【抜け出した先には】ヒースクリフ,12,4,3,heathcliff,bd_202006,
239,【幸せに酔いしれて】フィガロ,18,4,5,figaro,bd_202006,
240,【絶対幸せになれるさ】カイン,3,4,1,cain,propose_2020,
241,【祝福にキスを添えて】シノ,11,4,3,shino,propose_2020,
242,【真実の愛をその手に】シャイロック,14,4,4,shylock,propose_2020,
243,【お揃いの花飾り】アーサー,2,3,1,arthur,propose_2020,
244,【好物は心ゆくまで】オーエン,8,3,2,owen,propose_2020,
245,【花香を届けに】ムル,15,3,4,murr,propose_2020,
246,【ベールを纏って】クロエ,16,2,4,chloe,propose_2020,
247,【鳥籠の中には】ラスティカ,17,2,4,rustica,propose_2020,
248,【水沫を涙の代わりに】ルチル,19,4,5,rutile,kunren_south,
249,【さよならの雨】レノックス,20,4,5,lennox,kunren_south,
250,【あの人が選んだもの】ミチル,21,4,5,mitile,kunren_south,
251,【願いを託した夕雨】ミスラ,7,3,2,mithra,kunren_south,
252,【いかれた馬鹿に弔いを】ブラッドリー,9,3,2,bradley,kunren_south,
253,【こちら側へようこそ】フィガロ,18,3,5,figaro,kunren_south,
254,【雨露に浮かぶ花】スノウ,5,2,2,snow,kunren_south,
255,【傘をお忘れなく】ホワイト,6,2,2,white,kunren_south,
256,【とびきりのサプライズ】ルチル,19,4,5,rutile,bd_202007,
257,【その心を暴かせて】アーサー,2,4,1,arthur,tanabata_2020,
258,【きみの心を盗みに】スノウ,5,4,2,snow,adult_tanabata_2020,
259,【甘い熱をひそませて】ブラッドリー,9,4,2,bradley,tanabata_2020,
260,【流し目を送るのは】リケ,4,3,1,riquet,tanabata_2020,
261,【魔法を重ねて】ネロ,13,3,3,nero,tanabata_2020,
262,【今宵は大人の味を】シャイロック,14,3,4,shylock,tanabata_2020,
263,【懐から取り出したもの】オズ,1,2,1,oz,tanabata_2020,
264,【猫派のこだわり】ファウスト,10,2,3,faust,tanabata_2020,
265,【淡黄のひまわりに祈りを】ファウスト,10,4,3,faust,kunren_east,
266,【従者は高らかに吠えて】シノ,11,4,3,shino,kunren_east,
267,【料理人の真心】ネロ,13,4,3,nero,kunren_east,
268,【幼馴染の距離感】ヒースクリフ,12,3,3,heathcliff,kunren_east,
269,【酒瓶を手に取るのは】フィガロ,18,3,5,figaro,kunren_east,
270,【ひまわり畑に安息を】レノックス,20,3,5,lennox,kunren_east,
271,【見上げた青空】ルチル,19,2,5,rutile,kunren_east,
272,【真面目な教え子】ミチル,21,2,5,mitile,kunren_east,
273,【乾杯しようぜ！】カイン,3,4,1,cain,bd_202008,
274,【色香を纏いし獣】ミスラ,7,4,2,mithra,irai_north,
275,【月影に輝く銀糸】オーエン,8,4,2,owen,irai_north,
276,【月照らす芙蓉】ヒースクリフ,12,4,3,heathcliff,irai_north,
277,【お似合いの二人】スノウ,5,3,2,snow,irai_north,
278,【教え子のために】ファウスト,10,3,3,faust,irai_north,
279,【喝采は惜しみなく】シノ,11,3,3,shino,irai_north,
280,【垣間見えた表情は】ホワイト,6,2,2,white,irai_north,
281,【勇ましく舞う】ブラッドリー,9,2,2,bradley,irai_north,
282,【しなやかに舞う】ネロ,13,2,3,nero,irai_north,
283,【リゾートへようこそ】ラスティカ,17,4,4,rustica,summer_2020,
284,【また、みんなで】フィガロ,18,4,5,figaro,summer_2020,
285,【波間は鮮やかに青く】レノックス,20,4,5,lennox,summer_2020,
286,【甘味と海に心踊って】リケ,4,3,1,riquet,summer_2020,
287,【ビーチの激闘】ミスラ,7,3,2,mithra,summer_2020,
288,【お土産発見！】クロエ,16,3,4,chloe,summer_2020,
289,【バカンス満喫中】ブラッドリー,9,2,2,bradley,summer_2020,
290,【日差しにご注意】ルチル,19,2,5,rutile,summer_2020,
291,【輪の中で笑って】ネロ,13,4,3,nero,bd_202009,
292,【バーテンダーの矜持】シャイロック,14,4,4,shylock,irai_west,
293,【きみを助けに】ムル,15,4,4,murr,irai_west,
294,【蒼穹の夢を守るため】クロエ,16,4,4,chloe,irai_west,
295,【夕暮れの中の談笑】オズ,1,3,1,oz,irai_west,
296,【王子の庇護はあまねく】アーサー,2,3,1,arthur,irai_west,
297,【どこでもマイペース】ラスティカ,17,3,4,rustica,irai_west,
298,【見習い飛行士？】カイン,3,2,1,cain,irai_west,
299,【弾ける笑顔とハンドベル】リケ,4,2,1,riquet,irai_west,
300,【きみに最高の一杯を】ホワイト,6,4,2,white,adult_tea_party,
301,【花開く新たな絆】シノ,11,4,3,shino,tea_party,
302,【甘味の庭に心踊って】ミチル,21,4,5,mitile,tea_party,
303,【無邪気な提案】オズ,1,3,1,oz,tea_party,
304,【街角の雑貨屋にて】カイン,3,3,1,cain,tea_party,
305,【腕いっぱいの優しさを】ルチル,19,3,5,rutile,tea_party,
306,【最高の一杯に口づけを】スノウ,5,2,2,snow,tea_party,
307,【逆さまって最高でしょ？】ムル,15,2,4,murr,tea_party,
308,【未来へ羽ばたくきみに】リケ,4,4,1,riquet,bd_202010,
309,【今日だけは飾らずに】シャイロック,14,4,4,shylock,bd_202010,
310,【吹雪荒ぶ最北の城】オズ,1,4,1,oz,irai_central,
311,【恐怖に立ち向かって】カイン,3,4,1,cain,irai_central,
312,【咲きこぼれる思い出】リケ,4,4,1,riquet,irai_central,
313,【はじめての一着】アーサー,2,3,1,arthur,irai_central,
314,【猫が抱いた好奇心】ムル,15,3,4,murr,irai_central,
315,【城に灯った笑顔】クロエ,16,3,4,chloe,irai_central,
316,【オーロラに乾杯】シャイロック,14,2,4,shylock,irai_central,
317,【貴公子の目利き】ラスティカ,17,2,4,rustica,irai_central,
318,【今宵あなたとダンスを】ミスラ,7,4,2,mithra,halloween_2020,
319,【甘くて危険な悪戯】オーエン,8,4,2,owen,halloween_2020,
320,【紫の帽子にひそむもの】ファウスト,10,4,3,faust,halloween_2020,
321,【オレンジの夜の終幕】ホワイト,6,3,2,white,halloween_2020,
322,【魔法のキャンディアップル】ネロ,13,3,3,nero,halloween_2020,
323,【紳士なお誘い】ラスティカ,17,3,4,rustica,halloween_2020,
324,【コウモリのお気に入り】アーサー,2,2,1,arthur,halloween_2020,
325,【トリック・オア…？】ヒースクリフ,12,2,3,heathcliff,halloween_2020,
326,【甘い祝福】オーエン,8,4,2,owen,bd_202011,
327,【輝く夜空へ飛び出して】クロエ,16,4,4,chloe,bd_202011,
328,【大魔法使いの策略】フィガロ,18,4,5,figaro,irai_south,
329,【髑髏狩るハンター】ルチル,19,4,5,rutile,irai_south,
330,【山のように頼もしく】レノックス,20,4,5,lennox,irai_south,
331,【先生は大忙し】スノウ,5,3,2,snow,irai_south,
332,【心配性の守護者】ミスラ,7,3,2,mithra,irai_south,
333,【狩りの始まりだ】ブラッドリー,9,3,2,bradley,irai_south,
334,【お子様にはクッキーを】ホワイト,6,2,2,white,irai_south,
335,【不機嫌な呪文】オーエン,8,2,2,owen,irai_south,
336,【あなたのお役に立てたら】ミチル,21,2,5,mitile,irai_south,
356,【賢者様の世界の味】アーサー,2,2,1,arthur,main,
357,【２２人は運命をともに】オズ,1,4,1,oz,1st,
358,【２２人は運命をともに】アーサー,2,4,1,arthur,1st,
359,【２２人は運命をともに】カイン,3,4,1,cain,1st,
360,【２２人は運命をともに】リケ,4,4,1,riquet,1st,
361,【２２人は運命をともに】スノウ,5,4,2,snow,1st,
362,【２２人は運命をともに】ホワイト,6,4,2,white,1st,
363,【２２人は運命をともに】ミスラ,7,4,2,mithra,1st,
364,【２２人は運命をともに】オーエン,8,4,2,owen,1st,
365,【２２人は運命をともに】ブラッドリー,9,4,2,bradley,1st,
366,【２２人は運命をともに】ファウスト,10,4,3,faust,1st,
367,【２２人は運命をともに】シノ,11,4,3,shino,1st,
368,【２２人は運命をともに】ヒースクリフ,12,4,3,heathcliff,1st,
369,【２２人は運命をともに】ネロ,13,4,3,nero,1st,
370,【２２人は運命をともに】シャイロック,14,4,4,shylock,1st,
371,【２２人は運命をともに】ムル,15,4,4,murr,1st,
372,【２２人は運命をともに】クロエ,16,4,4,chloe,1st,
373,【２２人は運命をともに】ラスティカ,17,4,4,rustica,1st,
374,【２２人は運命をともに】フィガロ,18,4,5,figaro,1st,
375,【２２人は運命をともに】ルチル,19,4,5,rutile,1st,
376,【２２人は運命をともに】レノックス,20,4,5,lennox,1st,
377,【２２人は運命をともに】ミチル,21,4,5,mitile,1st,
378,【きみとの夜に酔わせて】ブラッドリー,9,4,2,bradley,bd_202012,
379,【特別なひとくち】ミチル,21,4,5,mitile,bd_202012,
380,【おまえに勝利を捧げよう】シノ,11,4,3,shino,irai_east,
381,【おまえの道を切り拓き】ヒースクリフ,12,4,3,heathcliff,irai_east,
382,【護るための牙】ネロ,13,4,3,nero,irai_east,
383,【先生の呆れ顔】ファウスト,10,3,3,faust,irai_east,
384,【驚きのわけは】フィガロ,18,3,5,figaro,irai_east,
385,【果たすべき仕事】ミチル,21,3,5,mitile,irai_east,
386,【ふわふわ耳飾り】ルチル,19,2,5,rutile,irai_east,
387,【あなたに手当てを】レノックス,20,2,5,lennox,irai_east,
388,【贈る心はあたたかく】オズ,1,4,1,oz,christmas_2020,
389,【おかしな甘い花火を】ホワイト,6,4,2,white,christmas_2020,
390,【白い吐息とチョコレート】ミスラ,7,4,2,mithra,christmas_2020,
391,【同じじゃないのか……？】カイン,3,3,1,cain,christmas_2020,
392,【輝く瞳に連れられて】ネロ,13,3,3,nero,christmas_2020,
393,【ようこそ雪のマーケットへ】クロエ,16,3,4,chloe,christmas_2020,
394,【この子を推そう】アーサー,2,2,1,arthur,christmas_2020,
395,【この子がいいと思います】リケ,4,2,1,riquet,christmas_2020,
396,【柔らかな陽の中で】ファウスト,10,4,3,faust,bd_202101,
397,【水面に揺蕩う想い】スノウ,5,4,2,snow,adult_main,
398,【雨音が包む静寂】ヒースクリフ,12,4,3,heathcliff,main,
399,【黄金色の海に埋もれて】ネロ,13,4,3,nero,main,
400,【緑の風に心を乗せて】レノックス,20,4,5,lennox,main,
401,【新たな友人とパーティを】アーサー,2,4,1,arthur,sanrio,
402,【仕方ないから踊ってあげる】オーエン,8,4,2,owen,sanrio,
403,【不思議なきみとおそろい】ミチル,21,4,5,mitile,sanrio,
404,【リードはおまかせ】シノ,11,3,3,shino,sanrio,
405,【エスコートはおまかせ】ヒースクリフ,12,3,3,heathcliff,sanrio,
406,【綺麗な花をあなたと】シャイロック,14,3,4,shylock,sanrio,
407,【旺盛な好奇心】オズ,1,2,1,oz,sanrio,
408,【新たな出会い】レノックス,20,2,5,lennox,sanrio,
409,【悪い子の真似事を】シャイロック,14,4,4,shylock,shigoto_west,
410,【光と音の花を咲かせて】ムル,15,4,4,murr,shigoto_west,
411,【消えゆくきみに餞を】ラスティカ,17,4,4,rustica,shigoto_west,
412,【歌う街に花開く笑み】スノウ,5,3,2,snow,shigoto_west,
413,【待ち遠しいお楽しみ】ホワイト,6,3,2,white,shigoto_west,
414,【曇り空に光を】オーエン,8,3,2,owen,shigoto_west,
415,【ばらばらカスタネット】ミスラ,7,2,2,mithra,shigoto_west,
416,【マレットもお手のもの】ブラッドリー,9,2,2,bradley,shigoto_west,
417,【練習の成果を】クロエ,16,2,4,chloe,shigoto_west,
418,【微笑みは残照のように】ミスラ,7,4,2,mithra,bd_202102,
419,【きみと見つけた一番星】ムル,15,4,4,murr,bd_202102,
420,【輝くひとときをあなたと】カイン,3,4,1,cain,vd_2021,
421,【絆は花より美しく】ヒースクリフ,12,4,3,heathcliff,vd_2021,
422,【ショコラの花火をきみに】クロエ,16,4,4,chloe,vd_2021,
423,【お忍び王子様】アーサー,2,3,1,arthur,vd_2021,
424,【不良なお守り役】ブラッドリー,9,3,2,bradley,vd_2021,
425,【託された青い鳥】ルチル,19,3,5,rutile,vd_2021,
426,【キュートなお目付役】リケ,4,2,1,riquet,vd_2021,
427,【特別なチョコはいかが？】ホワイト,6,2,2,white,vd_2021,
428,【きみの先生はここに】フィガロ,18,4,5,figaro,shigoto_south,
429,【ルチル先生の授業風景】ルチル,19,4,5,rutile,shigoto_south,
430,【この手で守りたい人】ミチル,21,4,5,mitile,shigoto_south,
431,【両腕いっぱいの感謝】オズ,1,3,1,oz,shigoto_south,
432,【あたたかな学び舎で】リケ,4,3,1,riquet,shigoto_south,
433,【オレンジに染まる団欒】レノックス,20,3,5,lennox,shigoto_south,
434,【芸術的なノート】アーサー,2,2,1,arthur,shigoto_south,
435,【ごっこ遊びも全力で】カイン,3,2,1,cain,shigoto_south,
436,【王子の一手】アーサー,2,4,1,arthur,bd_202103,
437,【紺碧の瞳に囚われて】ラスティカ,17,4,4,rustica,bd_202103,
438,【祝福の花を束ねて】オズ,1,4,1,oz,wd_2021,
439,【素晴らしき物語に乾杯】ムル,15,4,4,murr,wd_2021,
440,【心を繋ぐあなたに】レノックス,20,4,5,lennox,wd_2021,
441,【食材は丸々と】ミスラ,7,3,2,mithra,wd_2021,
442,【ビュッフェは和やかに】ファウスト,10,3,3,faust,wd_2021,
443,【物語を締めくくるのは】シャイロック,14,3,4,shylock,wd_2021,
444,【今宵は大人らしく】ホワイト,6,2,2,white,wd_2021,
445,【料理人への報告】シノ,11,2,3,shino,wd_2021,
446,【孤月の夜の終わり】ファウスト,10,4,3,faust,shigoto_east,
447,【花園抱く妄執】シノ,11,4,3,shino,shigoto_east,
448,【誘う指先】ネロ,13,4,3,nero,shigoto_east,
449,【月夜に紛れて】ヒースクリフ,12,3,3,heathcliff,shigoto_east,
450,【きみの記憶を教えて】ムル,15,3,4,murr,shigoto_east,
451,【幽霊塔の怪異譚】ラスティカ,17,3,4,rustica,shigoto_east,
452,【目と目が合って】シャイロック,14,2,4,shylock,shigoto_east,
453,【魔法道具店での出会い】クロエ,16,2,4,chloe,shigoto_east,
454,【長き旅路の羽を休めて】オズ,1,4,1,oz,bd_202104,
455,【主役に世界一のブーケを】シノ,11,4,3,shino,bd_202104,
456,【守りたい約束】カイン,3,4,1,cain,af_2021,
457,【ネオン煌めく街に生まれて】オーエン,8,4,2,owen,af_2021,
458,【過ちがくれた幸福】ラスティカ,17,4,4,rustica,af_2021,
459,【お巡りさんが探すもの】ブラッドリー,9,3,2,bradley,af_2021,
460,【友達に逢いに】クロエ,16,3,4,chloe,af_2021,
461,【未完の幸福】フィガロ,18,3,5,figaro,af_2021,
462,【きみを探して】スノウ,5,2,2,snow,af_2021,
463,【きみと分けあう味】ヒースクリフ,12,2,3,heathcliff,af_2021,
464,【祝福たなびく空の下】アーサー,2,4,1,arthur,main,
465,【あたたかな祈りをあなたに】リケ,4,4,1,riquet,main,
466,【氷面に凍てつく想い】ホワイト,6,4,2,white,adult_main,
467,【滴る青に熱を預けて】ブラッドリー,9,4,2,bradley,main,
468,【夢のゆりかごの中で】クロエ,16,4,4,chloe,main,
469,【花風よ憂いを攫って】ネロ,13,4,3,nero,warupurugis_2021,
470,【甘酸っぱい贈り物】シャイロック,14,4,4,shylock,warupurugis_2021,
471,【巡る春、新たな花】ルチル,19,4,5,rutile,warupurugis_2021,
472,【ともに春のステップを】スノウ,5,3,2,snow,warupurugis_2021,
473,【鳥籠に仕舞う音色】ラスティカ,17,3,4,rustica,warupurugis_2021,
474,【きみの声を聞かせて】ミチル,21,3,5,mitile,warupurugis_2021,
475,【森の戯れ】カイン,3,2,1,cain,warupurugis_2021,
476,【はにかみを扇の下に】クロエ,16,2,4,chloe,warupurugis_2021,
477,【ともに過ごせる今日は】スノウ,5,4,2,snow,bd_202105,
478,【幸せなおとぎ話のようで】ホワイト,6,4,2,white,bd_202105,
479,【愛しい日々を映して】レノックス,20,4,5,lennox,bd_202105,
480,【氷城に舞う不香の花】スノウ,5,4,2,snow,shigoto_north,
481,【似合いますか？】ミスラ,7,4,2,mithra,shigoto_north,
482,【いい男の流儀】ブラッドリー,9,4,2,bradley,shigoto_north,
483,【凍てついた星霜を超えて】ホワイト,6,3,2,white,shigoto_north,
484,【教え子を背に庇い】フィガロ,18,3,5,figaro,shigoto_north,
485,【傷口に差し伸べる手】ルチル,19,3,5,rutile,shigoto_north,
486,【銀灰にティアラを添えて】オーエン,8,2,2,owen,shigoto_north,
487,【新入り羊の手触りは】レノックス,20,2,5,lennox,shigoto_north,
488,【きみに教える今日のこと】ミチル,21,2,5,mitile,shigoto_north,
489,【花降る空を見上げて】ヒースクリフ,12,4,3,heathcliff,bd_202106,
490,【おかわりを頂戴？】フィガロ,18,4,5,figaro,bd_202106,
491,【愛の花を噛みちぎり】ミスラ,7,4,2,mithra,jb_2021,
492,【盗んだ愛の行方】ブラッドリー,9,4,2,bradley,jb_2021,
493,【幸せをあげたくて】フィガロ,18,4,5,figaro,jb_2021,
494,【お勤めご苦労】スノウ,5,3,2,snow,jb_2021,
495,【花婿の謎】ホワイト,6,3,2,white,jb_2021,
496,【どきどきお部屋訪問】クロエ,16,3,4,chloe,jb_2021,
497,【二人の未来に祝福を】アーサー,2,2,1,arthur,jb_2021,
498,【受け取る次の幸せ】ルチル,19,2,5,rutile,jb_2021,
499,【その剣が守護するのは】アーサー,2,4,1,arthur,shigoto_central,
500,【この誇りを、いつかの願いを】カイン,3,4,1,cain,shigoto_central,
501,【握った剣に想いを宿して】リケ,4,4,1,riquet,shigoto_central,
502,【新たな奥義】オズ,1,3,1,oz,shigoto_central,
503,【森番は先陣を切って】シノ,11,3,3,shino,shigoto_central,
504,【取り巻く黒い影】ヒースクリフ,12,3,3,heathcliff,shigoto_central,
505,【射抜いたのは】ファウスト,10,2,3,faust,shigoto_central,
506,【気怠げな槍先】ネロ,13,2,3,nero,shigoto_central,
507,【その笑みの在り処は】オーエン,8,4,2,owen,main,
508,【夜の出会いに光は射し】シノ,11,4,3,shino,main,
509,【指先に触れる愛しいきみへ】ムル,15,4,4,murr,main,
510,【青白の夜風に誘われて】ミチル,21,4,5,mitile,main,
511,【最後の一杯はあなたと】ルチル,19,4,5,rutile,bd_202107,
512,【願いに手を伸ばせども】ホワイト,6,4,2,white,tanabata_2021,
513,【おまえに星露の加護を】ファウスト,10,4,3,faust,tanabata_2021,
514,【きみと一番の煌めきを】ミチル,21,4,5,mitile,tanabata_2021,
515,【輝く石に願うより】オーエン,8,3,2,owen,tanabata_2021,
516,【煌めく景色のひとかけら】シノ,11,3,3,shino,tanabata_2021,
517,【タクトは軽やかに】ラスティカ,17,3,4,rustica,tanabata_2021,
518,【スイーツに浮かぶ綺羅星】ネロ,13,2,3,nero,tanabata_2021,
519,【星沈む一杯】シャイロック,14,2,4,shylock,tanabata_2021,
520,【潮騒の彼方に眠る友へ】シャイロック,14,4,4,shylock,basyo_west,
521,【野良猫のお気に入り】ムル,15,4,4,murr,basyo_west,
522,【ここでダンスパーティを】クロエ,16,4,4,chloe,basyo_west,
523,【ここに華やかな調べを】ラスティカ,17,3,4,rustica,basyo_west,
524,【その笑顔は誰に似て】ルチル,19,3,5,rutile,basyo_west,
525,【大人の味に染まる頬】ミチル,21,3,5,mitile,basyo_west,
526,【今夜は好きなだけ】フィガロ,18,2,5,figaro,basyo_west,
527,【おまえと分かつ杯】レノックス,20,2,5,lennox,basyo_west,
528,【最高の日をともに歩み】カイン,3,4,1,cain,bd_202108,
529,【王子を攫った魔法使い】オズ,1,4,1,oz,basyo_central,
530,【未来へと続く架け橋】アーサー,2,4,1,arthur,basyo_central,
531,【お仕置きの時間じゃ】スノウ,5,4,2,snow,basyo_central,
532,【動き出す計画】カイン,3,3,1,cain,basyo_central,
533,【暮れゆく空の追走劇】リケ,4,3,1,riquet,basyo_central,
534,【正しく真面目な奉仕活動？】ミスラ,7,3,2,mithra,basyo_central,
535,【先生の教え】ホワイト,6,2,2,white,basyo_central,
536,【盤上をかき乱し】オーエン,8,2,2,owen,basyo_central,
537,【おいたはほどほどに】ブラッドリー,9,2,2,bradley,basyo_central,
538,【星降る夜の狩人】シノ,11,4,3,shino,summer_2021,
539,【木漏れ日も瑞々しく】ヒースクリフ,12,4,3,heathcliff,summer_2021,
540,【夜語りは焚き火の前で】ネロ,13,4,3,nero,summer_2021,
541,【憧れの無人島サバイバル】ルチル,19,3,5,rutile,summer_2021,
542,【半分この方法】レノックス,20,3,5,lennox,summer_2021,
543,【わくわくサバイバル入門】ミチル,21,3,5,mitile,summer_2021,
544,【海で育む友情】ムル,15,2,4,murr,summer_2021,
545,【不意打ちの痛み】フィガロ,18,2,5,figaro,summer_2021,
546,【芳醇な美酒に囲まれて】シャイロック,14,4,4,shylock,main,
547,【窓辺であなたとお茶会を】ラスティカ,17,4,4,rustica,main,
548,【抱きとめた光は揺れ】フィガロ,18,4,5,figaro,main,
549,【花々が見守るひととき】ルチル,19,4,5,rutile,main,
550,【祝福のロゼを注いで】ネロ,13,4,3,nero,bd_202109,
551,【永遠にきみとともに】ホワイト,6,4,2,white,basyo_north,
552,【廻る蝶、しるべの花】ミスラ,7,4,2,mithra,basyo_north,
553,【秘めたる想いを暴く言の葉】オーエン,8,4,2,owen,basyo_north,
554,【帰郷の空に華を添え】シャイロック,14,3,4,shylock,basyo_north,
555,【呼ばれて駆けつけ】ムル,15,3,4,murr,basyo_north,
556,【光舞う天を仰いで】クロエ,16,3,4,chloe,basyo_north,
557,【分かたれぬ二人】スノウ,5,2,2,snow,basyo_north,
558,【ご褒美のためなら】ブラッドリー,9,2,2,bradley,basyo_north,
559,【香るのは追想と】ラスティカ,17,2,4,rustica,basyo_north,
560,【煌めく瞳に映るもの】リケ,4,4,1,riquet,gakuen_2021,
561,【ねえ先生！】スノウ,5,4,2,snow,gakuen_2021,
562,【きみとの夢に手を伸ばし】クロエ,16,4,4,chloe,gakuen_2021,
563,【教え子の決意を見守って】オズ,1,3,1,oz,gakuen_2021,
564,【怪奇の夜の学び舎にて】ミスラ,7,3,2,mithra,gakuen_2021,
565,【微笑は棘のように】オーエン,8,3,2,owen,gakuen_2021,
566,【テスト前には要注意】ファウスト,10,2,3,faust,gakuen_2021,
567,【西の先生が教えること】シャイロック,14,2,4,shylock,gakuen_2021,
568,【頁の向こうのあなたに会いに】リケ,4,4,1,riquet,bd_202110,
569,【けぶる瞳に酔い】シャイロック,14,4,4,shylock,bd_202110,
570,【たまには俺も諦め悪く】フィガロ,18,4,5,figaro,basyo_south,
571,【重ねた拳と不屈の心】レノックス,20,4,5,lennox,basyo_south,
572,【羽ばたく彼の安息地】ミチル,21,4,5,mitile,basyo_south,
573,【絡みつく囁き】ファウスト,10,3,3,faust,basyo_south,
574,【ここからは大人の出番】ネロ,13,3,3,nero,basyo_south,
575,【優しさは苦くあつく】ルチル,19,3,5,rutile,basyo_south,
576,【座学の実践】シノ,11,2,3,shino,basyo_south,
577,【診察の結果は】ヒースクリフ,12,2,3,heathcliff,basyo_south,
578,【遥かなる黎明の色を知る】オズ,1,4,1,oz,main,
579,【せせらぎに踊る太陽】カイン,3,4,1,cain,main,
580,【揺蕩う星空にいざなわれ】ミスラ,7,4,2,mithra,main,
581,【三日月沈む夜のしじまに】ファウスト,10,4,3,faust,main,
582,【悪戯なオオカミ】ブラッドリー,9,4,2,bradley,halloween_2021,
583,【トリック・アンド・トリート】ムル,15,4,4,murr,halloween_2021,
584,【宵闇のワルツにいざない】ルチル,19,4,5,rutile,halloween_2021,
585,【王子のダンスレッスン】アーサー,2,3,1,arthur,halloween_2021,
586,【もう一度勝負です！】リケ,4,3,1,riquet,halloween_2021,
587,【探索前の戯れ】フィガロ,18,3,5,figaro,halloween_2021,
588,【お菓子をください】ミスラ,7,2,2,mithra,halloween_2021,
589,【トリックの正体】ミチル,21,2,5,mitile,halloween_2021,
590,【ブルズアイに賭けろ】オーエン,8,4,2,owen,bd_202111,
591,【ビジュー舞う内緒の場所で】クロエ,16,4,4,chloe,bd_202111,
592,【悪戯好きな友達】カイン,3,4,1,cain,basyo_east,
593,【日常におかえりを告げて】ファウスト,10,4,3,faust,basyo_east,
594,【あの夕陽で待つきみへ】ヒースクリフ,12,4,3,heathcliff,basyo_east,
595,【眠るきみのそばに】アーサー,2,3,1,arthur,basyo_east,
596,【夕焼けの樹とともに】シノ,11,3,3,shino,basyo_east,
597,【板挟みの仲裁役】ネロ,13,3,3,nero,basyo_east,
598,【おもてなしの香気】オズ,1,2,1,oz,basyo_east,
599,【運任せはダメですよ！】リケ,4,2,1,riquet,basyo_east,
600,【この出会いに祝福を】オズ,1,4,1,oz,2nd,
601,【この出会いに祝福を】アーサー,2,4,1,arthur,2nd,
602,【この出会いに祝福を】カイン,3,4,1,cain,2nd,
603,【この出会いに祝福を】リケ,4,4,1,riquet,2nd,
604,【この出会いに祝福を】スノウ,5,4,2,snow,2nd,
605,【この出会いに祝福を】ホワイト,6,4,2,white,2nd,
606,【この出会いに祝福を】ミスラ,7,4,2,mithra,2nd,
607,【この出会いに祝福を】オーエン,8,4,2,owen,2nd,
608,【この出会いに祝福を】ブラッドリー,9,4,2,bradley,2nd,
609,【この出会いに祝福を】ファウスト,10,4,3,faust,2nd,
610,【この出会いに祝福を】シノ,11,4,3,shino,2nd,
611,【この出会いに祝福を】ヒースクリフ,12,4,3,heathcliff,2nd,
612,【この出会いに祝福を】ネロ,13,4,3,nero,2nd,
613,【この出会いに祝福を】シャイロック,14,4,4,shylock,2nd,
614,【この出会いに祝福を】ムル,15,4,4,murr,2nd,
615,【この出会いに祝福を】クロエ,16,4,4,chloe,2nd,
616,【この出会いに祝福を】ラスティカ,17,4,4,rustica,2nd,
617,【この出会いに祝福を】フィガロ,18,4,5,figaro,2nd,
618,【この出会いに祝福を】ルチル,19,4,5,rutile,2nd,
619,【この出会いに祝福を】レノックス,20,4,5,lennox,2nd,
620,【この出会いに祝福を】ミチル,21,4,5,mitile,2nd,
621,【望んだものはこの手で】ブラッドリー,9,4,2,bradley,bd_202112,
622,【この音色に願いを乗せて】ミチル,21,4,5,mitile,bd_202112,
623,【可笑しな魔法を噛み砕き】オーエン,8,4,2,owen,okashi_2021,
624,【甘い危険のお味は】シノ,11,4,3,shino,okashi_2021,
625,【きみと仲良くなりたくて】ラスティカ,17,4,4,rustica,okashi_2021,
626,【心優しい北の魔法使い】ホワイト,6,3,2,white,okashi_2021,
627,【迷路は甘く複雑で】ブラッドリー,9,3,2,bradley,okashi_2021,
628,【お菓子の兵隊と敬礼を】ヒースクリフ,12,3,3,heathcliff,okashi_2021,
629,【ハートをひと口】カイン,3,2,1,cain,okashi_2021,
630,【おやつは山ほどのクリームを】ムル,15,2,4,murr,okashi_2021,
631,【笑顔の魔法が輝いて】リケ,4,4,1,riquet,christmas_2021,
632,【いい子ちゃんはもう終わり】クロエ,16,4,4,chloe,christmas_2021,
633,【良い子のきみにプレゼント】ミチル,21,4,5,mitile,christmas_2021,
634,【あなたと秘密の話を】シャイロック,14,3,4,shylock,christmas_2021,
635,【先生から良い子たちへ】フィガロ,18,3,5,figaro,christmas_2021,
636,【輝く空を待ち焦がれ】ルチル,19,3,5,rutile,christmas_2021,
637,【祭りに星を飾って】ファウスト,10,2,3,faust,christmas_2021,
638,【羊がお供のサンタさん？】レノックス,20,2,5,lennox,christmas_2021,
639,【わだつみの戯れがごとく】ファウスト,10,4,3,faust,bd_202201,
640,【魔王の城に終止符を】オズ,1,4,1,oz,winter_2022,
641,【若き魔法使いに問う】スノウ,5,4,2,snow,winter_2022,
642,【蝶が導く活路】シャイロック,14,4,4,shylock,winter_2022,
643,【迷路に舞い降りて】カイン,3,3,1,cain,winter_2022,
644,【窮地を駆け抜ける箒】シノ,11,3,3,shino,winter_2022,
645,【尋ね人を救い出し】レノックス,20,3,5,lennox,winter_2022,
646,【彼の知る一面は】アーサー,2,2,1,arthur,winter_2022,
647,【魔王について教えてあげる】オーエン,8,2,2,owen,winter_2022,
648,【怪物喰らう珠玉】ミスラ,7,4,2,mithra,bd_202202,
649,【数多の煌めきと宙を舞い】ムル,15,4,4,murr,bd_202202,
650,【同じ罪を知るあなたへ】アーサー,2,4,1,arthur,vd_2022,
651,【さあ、口を開けて？】ムル,15,4,4,murr,vd_2022,
652,【囚われたあなたのために】レノックス,20,4,5,lennox,vd_2022,
653,【ショコラ・ソムリエ】オズ,1,3,1,oz,vd_2022,
654,【甘やかな宝石に囲まれて】ネロ,13,3,3,nero,vd_2022,
655,【甘い奇跡はお手の物】ラスティカ,17,3,4,rustica,vd_2022,
656,【日頃の感謝をあなたに】ヒースクリフ,12,2,3,heathcliff,vd_2022,
657,【やんちゃのしるし】シャイロック,14,2,4,shylock,vd_2022,
658,【言の葉操るバレット】ブラッドリー,9,4,2,bradley,senmonten_east,
659,【銀細工に祈りを込めて】ヒースクリフ,12,4,3,heathcliff,senmonten_east,
660,【シルバーに玉の緒は宿り】ネロ,13,4,3,nero,senmonten_east,
661,【主君様万歳！】ホワイト,6,3,2,white,senmonten_east,
662,【番犬に舌を出して】オーエン,8,3,2,owen,senmonten_east,
663,【月夜の庭園を肴に】ファウスト,10,3,3,faust,senmonten_east,
664,【銀の卵の真価は】スノウ,5,2,2,snow,senmonten_east,
665,【ひよこたちの安息地？】ミスラ,7,2,2,mithra,senmonten_east,
666,【最強エッグキング】シノ,11,2,3,shino,senmonten_east,
667,【王笏は夜空を統べ】アーサー,2,4,1,arthur,bd_202203,
668,【舞踏会の夢をあなたと】ラスティカ,17,4,4,rustica,bd_202203,
669,【その恋は夢のように】スノウ,5,4,2,snow,adult_wd_2022,
670,【その愛は奇跡のように】ホワイト,6,4,2,white,adult_wd_2022,
671,【その永遠を願って】フィガロ,18,4,5,figaro,wd_2022,
672,【硝子の塔を封じたのは】アーサー,2,3,1,arthur,wd_2022,
673,【北の国流交渉術？】ブラッドリー,9,3,2,bradley,wd_2022,
674,【愛の残り香に触れて】ヒースクリフ,12,3,3,heathcliff,wd_2022,
675,【思わぬ客人に挨拶を】ラスティカ,17,2,4,rustica,wd_2022,
676,【硝子に思い出を映して】ミチル,21,2,5,mitile,wd_2022,
677,【妄執は蒼炎に燃え】ミスラ,7,4,2,mithra,senmonten_north,
678,【怪異さえも蹴散らして】オーエン,8,4,2,owen,senmonten_north,
679,【ホラーハウスでお泊まり会を】ルチル,19,4,5,rutile,senmonten_north,
680,【パジャマパーティの心得】スノウ,5,3,2,snow,senmonten_north,
681,【そばを離れぬように】フィガロ,18,3,5,figaro,senmonten_north,
682,【迫る怪奇の足音】ミチル,21,3,5,mitile,senmonten_north,
683,【楽しい夢のおとも】ホワイト,6,2,2,white,senmonten_north,
684,【お部屋にご案内】ブラッドリー,9,2,2,bradley,senmonten_north,
685,【熱い戦いの始まり】レノックス,20,2,5,lennox,senmonten_north,
686,【一切はその手の中に】オズ,1,4,1,oz,bd_202204,
687,【杜の恵みを受け取って】シノ,11,4,3,shino,bd_202204,
688,【天に蒼波を渡して】オズ,1,4,1,oz,af_2022,
689,【お客様を迎えて】リケ,4,4,1,riquet,af_2022,
690,【桜雲から差し伸べるは】ファウスト,10,4,3,faust,af_2022,
691,【紫煙と共にご挨拶を】シャイロック,14,3,4,shylock,af_2022,
692,【桜舞う世界をきみの目に】レノックス,20,3,5,lennox,af_2022,
693,【夕月夜の空を駆けて】ミチル,21,3,5,mitile,af_2022,
694,【桜雲を守るのは】ホワイト,6,2,2,white,af_2022,
695,【花見に一杯】フィガロ,18,2,5,figaro,af_2022,
696,【強くて優しいそなたへ】ホワイト,6,4,2,white,easter_2022,
697,【特別じゃないけど、特別な日】ルチル,19,4,5,rutile,easter_2022,
698,【泣き虫うさぎに笑顔の花を】ミチル,21,4,5,mitile,easter_2022,
699,【私たちの出会いを祝して】アーサー,2,3,1,arthur,easter_2022,
700,【まんまるしっぽもお気に入り】スノウ,5,3,2,snow,easter_2022,
701,【きみと同じ目線で】ムル,15,3,4,murr,easter_2022,
702,【お味はどうですか？】リケ,4,2,1,riquet,easter_2022,
703,【仁義なきにんじん争奪戦】ミスラ,7,2,2,mithra,easter_2022,
704,【綿雲に明日を告げて】スノウ,5,4,2,snow,bd_202205,
705,【白雲に運命を指して】ホワイト,6,4,2,white,bd_202205,
706,【目覚めは優しい音色で】レノックス,20,4,5,lennox,bd_202205,
707,【闇に閃く剣戟】カイン,3,4,1,cain,warupurugis_2022,
708,【この手に勝利の証を】ブラッドリー,9,4,2,bradley,warupurugis_2022,
709,【斬撃は闇を裂き】シノ,11,4,3,shino,warupurugis_2022,
710,【死の暗闇を眼下に】ホワイト,6,3,2,white,warupurugis_2022,
711,【お宝鑑定中？】ミスラ,7,3,2,mithra,warupurugis_2022,
712,【王様気取りの獣へ】オーエン,8,3,2,owen,warupurugis_2022,
713,【最恐スマイル】スノウ,5,2,2,snow,warupurugis_2022,
714,【ナイフの使い方】フィガロ,18,2,5,figaro,warupurugis_2022,
715,【思い出溢れる瑠璃の空】ヒースクリフ,12,4,3,heathcliff,bd_202206,
716,【温かな時で満たして】フィガロ,18,4,5,figaro,bd_202206,
717,【呪い屋が贈る祝福】ファウスト,10,4,3,faust,jb_2022,
718,【寄り添って笑う二人へ】ヒースクリフ,12,4,3,heathcliff,jb_2022,
719,【離れずにずっと共に】ネロ,13,4,3,nero,jb_2022,
720,【項垂れる彼に手を】リケ,4,3,1,riquet,jb_2022,
721,【花嫁への道標】ブラッドリー,9,3,2,bradley,jb_2022,
722,【こちらはお任せください】レノックス,20,3,5,lennox,jb_2022,
723,【足もとにご注意】カイン,3,2,1,cain,jb_2022,
724,【ティアラは誰のもの】シノ,11,2,3,shino,jb_2022,
725,【ピエロと贅沢な時間を】シャイロック,14,4,4,shylock,senmonten_west,
726,【最高のショーを一緒に】クロエ,16,4,4,chloe,senmonten_west,
727,【僕とよく似た彼のため】ラスティカ,17,4,4,rustica,senmonten_west,
728,【男前なあんたへ】カイン,3,3,1,cain,senmonten_west,
729,【彼を魅了するのは】リケ,4,3,1,riquet,senmonten_west,
730,【嘘つきマリオネット】ムル,15,3,4,murr,senmonten_west,
731,【いざ炎の奇術を】オズ,1,2,1,oz,senmonten_west,
732,【ジャグリング練習中】アーサー,2,2,1,arthur,senmonten_west,
733,【この和音に夢を語って】ルチル,19,4,5,rutile,bd_202207,
734,【願い輝く光の海へ】ムル,15,4,4,murr,tanabata_2022,
735,【この手で叶えてみせよう】フィガロ,18,4,5,figaro,tanabata_2022,
736,【迷い子を群れへ導き】レノックス,20,4,5,lennox,tanabata_2022,
737,【煌めく想いはここに】オズ,1,3,1,oz,tanabata_2022,
738,【茶番劇に報いを】ミスラ,7,3,2,mithra,tanabata_2022,
739,【欲張りな願いのおかげ】ルチル,19,3,5,rutile,tanabata_2022,
740,【これがおまえの欲望？】オーエン,8,2,2,owen,tanabata_2022,
741,【おさかなワルツ】ラスティカ,17,2,4,rustica,tanabata_2022,
742,【オアシスの夜風に語り】カイン,3,4,1,cain,summer_2022,
743,【熱砂に俯く若人へ】ホワイト,6,4,2,white,summer_2022,
744,【楽園の陽射しに笑い】オーエン,8,4,2,owen,summer_2022,
745,【ゴーゴーサンドボード】シノ,11,3,3,shino,summer_2022,
746,【大漁豊作！砂の海】ムル,15,3,4,murr,summer_2022,
747,【僕は僕だよ】ラスティカ,17,3,4,rustica,summer_2022,
748,【ほどよいサクサク食感】ミスラ,7,2,2,mithra,summer_2022,
749,【食べ過ぎにご用心】クロエ,16,2,4,chloe,summer_2022,
750,【星の剣に新たなる決意を】カイン,3,4,1,cain,bd_202208,
751,【木の葉に願いを重ねて】アーサー,2,4,1,arthur,uranai_2022,
752,【水鏡に揺るがぬ未来を】スノウ,5,4,2,snow,uranai_2022,
753,【水上に浮かぶ支配者】ミスラ,7,4,2,mithra,uranai_2022,
754,【変わり果てた水面は】ファウスト,10,3,3,faust,uranai_2022,
755,【夕陽色の交流】ネロ,13,3,3,nero,uranai_2022,
756,【赤髪の凄腕占い師？】クロエ,16,3,4,chloe,uranai_2022,
757,【わくわく魔法陣】ホワイト,6,2,2,white,uranai_2022,
758,【俺が占ってやるよ】ブラッドリー,9,2,2,bradley,uranai_2022,
759,【大好きな友達の話を】リケ,4,4,1,riquet,fantasy_2022,
760,【白き魔の手を切り裂いて】ネロ,13,4,3,nero,fantasy_2022,
761,【垣間見る森の暮らし】ルチル,19,4,5,rutile,fantasy_2022,
762,【気怠く灯すのは】ミスラ,7,3,2,mithra,fantasy_2022,
763,【きみにお礼をしてあげる】オーエン,8,3,2,owen,fantasy_2022,
764,【木々にこだまする指揮】フィガロ,18,3,5,figaro,fantasy_2022,
765,【懐かれちゃった！】クロエ,16,2,4,chloe,fantasy_2022,
766,【いたずらリスの餌食】ミチル,21,2,5,mitile,fantasy_2022,
767,【空は遣らずの雨に濡れ】ネロ,13,4,3,nero,bd_202209,
768,【酒を呷り、人を煽って】ブラッドリー,9,4,2,bradley,wine_2022,
769,【勝利の美酒は誰の手に】シャイロック,14,4,4,shylock,wine_2022,
770,【世にも奇妙なワインはいかが？】ムル,15,4,4,murr,wine_2022,
771,【少し大人な一杯を】アーサー,2,3,1,arthur,wine_2022,
772,【接客は愛想良く】ファウスト,10,3,3,faust,wine_2022,
773,【ぴったりのお供をどうぞ】ネロ,13,3,3,nero,wine_2022,
774,【おすすめの一杯】オズ,1,2,1,oz,wine_2022,
775,【豊穣の印を味わって】ルチル,19,2,5,rutile,wine_2022,
776,【気まぐれで最高の奇跡を】ミスラ,7,4,2,mithra,kizoku_2022,
777,【愛しいマスターピースへ】ラスティカ,17,4,4,rustica,kizoku_2022,
778,【色づく世界を瞳に映して】ミチル,21,4,5,mitile,kizoku_2022,
779,【導きと憩いのランチタイム】スノウ,5,3,2,snow,kizoku_2022,
780,【新たな知識を教えて】ヒースクリフ,12,3,3,heathcliff,kizoku_2022,
781,【迷子を見つける名推理】クロエ,16,3,4,chloe,kizoku_2022,
782,【宙舞う不思議な出会い】リケ,4,2,1,riquet,kizoku_2022,
783,【審美眼の見せどころ】ルチル,19,2,5,rutile,kizoku_2022,
784,【星の瞬きを胸に抱いて】リケ,4,4,1,riquet,bd_202210,
785,【この可惜夜に秘め事を】シャイロック,14,4,4,shylock,bd_202210,
786,【落陽に継承の時を告げ】オズ,1,4,1,oz,senmonten_central,
787,【光風に軌跡の頁をめくり】アーサー,2,4,1,arthur,senmonten_central,
788,【その絆に言葉はなくとも】カイン,3,4,1,cain,senmonten_central,
789,【大風に息を合わせて】リケ,4,3,1,riquet,senmonten_central,
790,【ナイスキャッチ！】クロエ,16,3,4,chloe,senmonten_central,
791,【こっそり和気あいあい】ラスティカ,17,3,4,rustica,senmonten_central,
792,【愛蔵の一冊とともに】シャイロック,14,2,4,shylock,senmonten_central,
793,【博識な本とおしゃべりを】ムル,15,2,4,murr,senmonten_central,
794,【祭りの夜の案内人】シノ,11,4,3,shino,halloween_2022,
795,【光導く絆はきっと】ヒースクリフ,12,4,3,heathcliff,halloween_2022,
796,【翳る心に優しい灯りを】クロエ,16,4,4,chloe,halloween_2022,
797,【真紅の瞳が見抜くのは】オズ,1,3,1,oz,halloween_2022,
798,【軽やかなステップで】カイン,3,3,1,cain,halloween_2022,
799,【くゆる紫煙に灯されて】シャイロック,14,3,4,shylock,halloween_2022,
800,【コウモリが集う先】ファウスト,10,2,3,faust,halloween_2022,
801,【料理人のテクニック？】ネロ,13,2,3,nero,halloween_2022,
802,【獣たちの棲家へようこそ】オーエン,8,4,2,owen,bd_202211,
803,【絆を縢るひと針】クロエ,16,4,4,chloe,bd_202211,
804,【その背筋は凛と指揮を】ファウスト,10,4,3,faust,senmonten_south,
805,【背を押す穏やかな笑み】フィガロ,18,4,5,figaro,senmonten_south,
806,【この刃に追憶の祈りを】レノックス,20,4,5,lennox,senmonten_south,
807,【鍛冶屋の街の噂話】シノ,11,3,3,shino,senmonten_south,
808,【不安な手を握って】ルチル,19,3,5,rutile,senmonten_south,
809,【お手伝いは任せてください！】ミチル,21,3,5,mitile,senmonten_south,
810,【出来栄えに微笑んで】ヒースクリフ,12,2,3,heathcliff,senmonten_south,
811,【作業の合間のひと休み】ネロ,13,2,3,nero,senmonten_south,
812,【いつか大好きな物語に】オズ,1,4,1,oz,3rd,
813,【いつか大好きな物語に】アーサー,2,4,1,arthur,3rd,
814,【いつか大好きな物語に】カイン,3,4,1,cain,3rd,
815,【いつか大好きな物語に】リケ,4,4,1,riquet,3rd,
816,【いつか大好きな物語に】スノウ,5,4,2,snow,3rd,
817,【いつか大好きな物語に】ホワイト,6,4,2,white,3rd,
818,【いつか大好きな物語に】ミスラ,7,4,2,mithra,3rd,
819,【いつか大好きな物語に】オーエン,8,4,2,owen,3rd,
820,【いつか大好きな物語に】ブラッドリー,9,4,2,bradley,3rd,
821,【いつか大好きな物語に】ファウスト,10,4,3,faust,3rd,
822,【いつか大好きな物語に】シノ,11,4,3,shino,3rd,
823,【いつか大好きな物語に】ヒースクリフ,12,4,3,heathcliff,3rd,
824,【いつか大好きな物語に】ネロ,13,4,3,nero,3rd,
825,【いつか大好きな物語に】シャイロック,14,4,4,shylock,3rd,
826,【いつか大好きな物語に】ムル,15,4,4,murr,3rd,
827,【いつか大好きな物語に】クロエ,16,4,4,chloe,3rd,
828,【いつか大好きな物語に】ラスティカ,17,4,4,rustica,3rd,
829,【いつか大好きな物語に】フィガロ,18,4,5,figaro,3rd,
830,【いつか大好きな物語に】ルチル,19,4,5,rutile,3rd,
831,【いつか大好きな物語に】レノックス,20,4,5,lennox,3rd,
832,【いつか大好きな物語に】ミチル,21,4,5,mitile,3rd,
833,【賭けるなら俺の全てを】ブラッドリー,9,4,2,bradley,bd_202212,
834,【この煌めきはきみのために】ミチル,21,4,5,mitile,bd_202212,
835,【愛の結晶をそなたに】スノウ,5,4,2,snow,christmas_2022,
836,【今日はお子ちゃまらしく】ネロ,13,4,3,nero,christmas_2022,
837,【白雪溶かす陽のように】ラスティカ,17,4,4,rustica,christmas_2022,
838,【鳥籠に囲われるのは】オーエン,8,3,2,owen,christmas_2022,
839,【魔物観察推奨派】ムル,15,3,4,murr,christmas_2022,
840,【雪の重みも気軽に】レノックス,20,3,5,lennox,christmas_2022,
841,【白い獲物を捕まえて】ミスラ,7,2,2,mithra,christmas_2022,
842,【やりましたねー！】ルチル,19,2,5,rutile,christmas_2022,
843,【まばゆい祝福に招かれて】ファウスト,10,4,3,faust,bd_202301,
844,【素敵なこの世界に触れて】リケ,4,4,1,riquet,robe,
845,【そなたにも豊穣の果実を】ホワイト,6,4,2,white,robe,
846,【永遠の愛で見つめて】ルチル,19,4,5,rutile,robe,
847,【好敵手におやすみを】レノックス,20,4,5,lennox,robe,
848,【双翼の加護は蒼く耀き】アーサー,2,4,1,arthur,rensen01,
849,【その純白に触れたくて】リケ,4,3,1,riquet,rensen01,
850,【かかっておいでよ】オーエン,8,2,2,owen,rensen01,
851,【栄養補給はしっかりと】レノックス,20,2,5,lennox,rensen01,
852,【洞窟に灯る守護】オズ,1,4,1,oz,suiyokujo_2023,
853,【己の為すべき使命は】ヒースクリフ,12,4,3,heathcliff,suiyokujo_2023,
854,【曇りなき心を紡いで】ミチル,21,4,5,mitile,suiyokujo_2023,
855,【ここにひょっこり参上】ホワイト,6,3,2,white,suiyokujo_2023,
856,【ワイルド厳禁！】ブラッドリー,9,3,2,bradley,suiyokujo_2023,
857,【胸いっぱいの誇らしさを】シノ,11,3,3,shino,suiyokujo_2023,
858,【服から伝わるぬくもり】アーサー,2,2,1,arthur,suiyokujo_2023,
859,【鼻が伸びたワケは……？】ネロ,13,2,3,nero,suiyokujo_2023,
860,【グラスに酔うエメラルド】ミスラ,7,4,2,mithra,bd_202302,
861,【華咲く夜に誘ってあげる】ムル,15,4,4,murr,bd_202302,
862,【罪の味を分け合って】オーエン,8,4,2,owen,vd_2023,
863,【ミルクティーに揺れる髪】ラスティカ,17,4,4,rustica,vd_2023,
864,【ブルーミントに寄せる唇】フィガロ,18,4,5,figaro,vd_2023,
865,【在りし日の好物】ミスラ,7,3,2,mithra,vd_2023,
866,【熱烈な愛を止めるため】ファウスト,10,3,3,faust,vd_2023,
867,【溢れんばかりのお土産を】シノ,11,3,3,shino,vd_2023,
868,【盛りすぎ注意！】ネロ,13,2,3,nero,vd_2023,
869,【カラフルクッキング】クロエ,16,2,4,chloe,vd_2023,
870,【あなたと分かち合う幸せ】アーサー,2,4,1,arthur,bd_202303,
871,【どうか、夢の夜を共に】ラスティカ,17,4,4,rustica,bd_202303,
872,【鮮緑の瞳に薔薇の幻を】ミスラ,7,4,2,mithra,wd_2023,
873,【あんたを最高の夜空へ】シノ,11,4,3,shino,wd_2023,
874,【艶笑に妬心を含ませ】シャイロック,14,4,4,shylock,wd_2023,
875,【一緒に楽しむおもてなし】クロエ,16,3,4,chloe,wd_2023,
876,【気安い仕草で】フィガロ,18,3,5,figaro,wd_2023,
877,【この胸にある気持ち】ルチル,19,3,5,rutile,wd_2023,
878,【うまく結べなくてさ】カイン,3,2,1,cain,wd_2023,
879,【ポーズはばっちり！】ムル,15,2,4,murr,wd_2023,
880,【彼はまるで陽光のように】カイン,3,4,1,cain,gyakuten,
881,【負け犬は下がってろよ】オーエン,8,4,2,owen,gyakuten,
882,【語り、讃えあう夢】クロエ,16,4,4,chloe,gyakuten,
883,【表情ひとつ動かさず】オズ,1,3,1,oz,gyakuten,
884,【その装いは騎士のごとく】レノックス,20,3,5,lennox,gyakuten,
885,【あなたに癒しのシュガーを】ミチル,21,3,5,mitile,gyakuten,
886,【眼差しも剣も鋭く】ファウスト,10,2,3,faust,gyakuten,
887,【秘技・剣結びをご覧あれ】ムル,15,2,4,murr,gyakuten,
888,【美酒を今宵の主役に】オズ,1,4,1,oz,bd_202304,
889,【花弾けるような笑みで】シノ,11,4,3,shino,bd_202304,
890,【船統べる王に捧ぐ杯】ブラッドリー,9,4,2,bradley,af_2023,
891,【潮風に揺れる空色】ネロ,13,4,3,nero,af_2023_2,
892,【将官は大海に唄う】ムル,15,4,4,murr,af_2023,
893,【空から舞い降りるは】スノウ,5,3,2,snow,af_2023,
894,【明けない空に星を探して】ホワイト,6,3,2,white,af_2023,
895,【消えた宝珠の子の行方】ヒースクリフ,12,3,3,heathcliff,af_2023,
896,【身も心も躍るような】ラスティカ,17,2,4,rustica,af_2023,
897,【海賊団へ仲間入り！】ルチル,19,2,5,rutile,af_2023,
898,【闇黒に魔王の下命を】オズ,1,4,1,oz,warupurugis_2023,
899,【その影を切り裂くように】ファウスト,10,4,3,faust,warupurugis_2023,
900,【沈む影が狙うもの】ヒースクリフ,12,4,3,heathcliff,warupurugis_2023,
901,【追懐の花畑に駆け出して】アーサー,2,3,1,arthur,warupurugis_2023,
902,【どうか正しい場所へ】リケ,4,3,1,riquet,warupurugis_2023,
903,【毒花と戯れて】ムル,15,3,4,murr,warupurugis_2023,
904,【とっておきはマントの下に】シノ,11,2,3,shino,warupurugis_2023,
905,【見定めるその色】レノックス,20,2,5,lennox,warupurugis_2023,
906,【ツインズ・ショッピング】スノウ,5,4,2,snow,bd_202305,
907,【ツインズ・フライング】ホワイト,6,4,2,white,bd_202305,
908,【乾杯は皆で一緒に】レノックス,20,4,5,lennox,bd_202305,
909,【笑顔華やぐこの夜へ】カイン,3,4,1,cain,robe,
910,【主待つ戦友を迎えに】ブラッドリー,9,4,2,bradley,robe,
911,【いまは空に輝くきみへ】ムル,15,4,4,murr,robe,
912,【不届き者に赤い制裁を】クロエ,16,4,4,chloe,robe,
913,【夜風に靡く優しい秘密】アーサー,2,4,1,arthur,kosodate,
914,【厄介で愚かな愛に告ぐ】シャイロック,14,4,4,shylock,kosodate,
915,【ぬくもりはその手を伝って】フィガロ,18,4,5,figaro,kosodate,
916,【交わす言葉で紐解かれるは】オーエン,8,3,2,owen,kosodate,
917,【名高き女神と逢瀬を】ブラッドリー,9,3,2,bradley,kosodate,
918,【嘘と本当と混乱と】ムル,15,3,4,murr,kosodate,
919,【お守りに捧ぐ祈りは】リケ,4,2,1,riquet,kosodate,
920,【愉快な顔にご満悦】ミスラ,7,2,2,mithra,kosodate,
921,【花園で分かち合うのは】ヒースクリフ,12,4,3,heathcliff,bd_202306,
922,【榛の瞳は勝利を見通し】フィガロ,18,4,5,figaro,bd_202306,
923,【この祝福に飾る花を】リケ,4,4,1,riquet,jb_2023,
924,【きみと目を合わせて】ルチル,19,4,5,rutile,jb_2023,
925,【舞う花は新たな門出に】レノックス,20,4,5,lennox,jb_2023,
926,【気さくで気軽な土地で】オズ,1,3,1,oz,jb_2023,
927,【その評価はいかに】ネロ,13,3,3,nero,jb_2023,
928,【晴れの日に思いを馳せて】ミチル,21,3,5,mitile,jb_2023,
929,【銀髪に添えるひとひら】オーエン,8,2,2,owen,jb_2023,
930,【小さなプロポーズ？】シャイロック,14,2,4,shylock,jb_2023,
931,【今おまえとも愛を】アーサー,2,4,1,arthur,robe,
932,【夢見る森に贈る嘲笑】オーエン,8,4,2,owen,robe,
933,【蜜色の記憶を秘めて】ネロ,13,4,3,nero,robe,
934,【きみと、またいつか】ミチル,21,4,5,mitile,robe,
935,【ライオンくんからもお礼を！】ルチル,19,4,5,rutile,bd_202307,
936,【その華は美しく強く】ミスラ,7,4,2,mithra,tanabata_2023,
937,【大好きなあんたに手を】クロエ,16,4,4,chloe,tanabata_2023,
938,【大切なきみの手を】ラスティカ,17,4,4,rustica,tanabata_2023,
939,【きらきら露店めぐり】アーサー,2,3,1,arthur,tanabata_2023,
940,【星の夜に舞う剣は】カイン,3,3,1,cain,tanabata_2023,
941,【お星様の妖精？】ヒースクリフ,12,3,3,heathcliff,tanabata_2023,
942,【やっぱりこれだろ！】ブラッドリー,9,2,2,bradley,tanabata_2023,
943,【星をひとかじり】ミチル,21,2,5,mitile,tanabata_2023,
944,【幾多の生と死を背負い】ブラッドリー,9,4,2,bradley,kagami,
945,【純白の魂に最後の別れを】ファウスト,10,4,3,faust,kagami,
946,【喪失の痛みに触れて】レノックス,20,4,5,lennox,kagami,
947,【この手から溢れた命は】カイン,3,3,1,cain,kagami,
948,【鎮魂の宴を彩る調べ】ラスティカ,17,3,4,rustica,kagami,
949,【小さなきみと手を繋いで】ルチル,19,3,5,rutile,kagami,
950,【花冠の想いを辿り】アーサー,2,2,1,arthur,kagami,
951,【手向けの花は穢れなく】リケ,4,2,1,riquet,kagami,
952,【祝いの夜の奇貨はここに】カイン,3,4,1,cain,bd_202308,
953,【その願いの名前など】オズ,1,4,1,oz,robe,
954,【一件落着、せーの！】スノウ,5,4,2,snow,robe,
955,【名も無き欠片にお別れを】ミスラ,7,4,2,mithra,robe,
956,【迷える想いに出口を示して】シノ,11,4,3,shino,robe,
957,【宝石の笑みで捕まえて】アーサー,2,4,1,arthur,summer_2023,
958,【刹那の光を揺らしながら】リケ,4,4,1,riquet,summer_2023,
959,【いつかのきみの旅立ちを】ミチル,21,4,5,mitile,summer_2023,
960,【エンジョイ子供ライフ！】ホワイト,6,3,2,white,summer_2023,
961,【夏期講習の特別授業？】ファウスト,10,3,3,faust,summer_2023,
962,【これは大人だけの味】シャイロック,14,3,4,shylock,summer_2023,
963,【落ちない火を見つめ】オズ,1,2,1,oz,summer_2023,
964,【暑さにあてられて】スノウ,5,2,2,snow,summer_2023,
965,【夜の帳に悪戯な笑みを】ネロ,13,4,3,nero,bd_202309,
966,【永遠を、今ここで】ホワイト,6,4,2,white,maju,
967,【その手に共鳴するのは】シノ,11,4,3,shino,maju,
968,【最期の幸せを願って】ルチル,19,4,5,rutile,maju,
969,【祈りと餞の蝶は舞い】シャイロック,14,3,4,shylock,maju,
970,【哀しきドールに救いを】クロエ,16,3,4,chloe,maju,
971,【満ちる魔力を紐解き】フィガロ,18,3,5,figaro,maju,
972,【始める劇の名前は】スノウ,5,2,2,snow,maju,
973,【静かなきみの仕掛け】ヒースクリフ,12,2,3,heathcliff,maju,
974,【静止した時は再び】ファウスト,10,4,3,faust,robe,
975,【きみが大好きだよ】ヒースクリフ,12,4,3,heathcliff,robe,
976,【追慕の酒を差し出して】シャイロック,14,4,4,shylock,robe,
977,【響き渡るは神秘の音色】ラスティカ,17,4,4,rustica,robe,
978,【この楽園のほとりで】フィガロ,18,4,5,figaro,robe,
979,【次はここに行きましょう！】リケ,4,4,1,riquet,bd_202310,
980,【散る潮煙に艶めいて】シャイロック,14,4,4,shylock,bd_202310,
981,【あったかいきみがずっと】ルチル,19,4,5,rutile,rensen02,
982,【お近づきの印に】フィガロ,18,3,5,figaro,rensen02,
983,【お宝発見！】カイン,3,2,1,cain,rensen02,
984,【ルート確認はお任せ】シャイロック,14,2,4,shylock,rensen02,
985,【友達のいる世界へ】オズ,1,4,1,oz,sanrio_2023,
986,【友達のいる世界へ】オーエン,8,4,2,owen,sanrio_2023,
987,【友達のいる世界へ】ファウスト,10,4,3,faust,sanrio_2023,
988,【友達のいる世界へ】シャイロック,14,4,4,shylock,sanrio_2023,
989,【友達のいる世界へ】ラスティカ,17,4,4,rustica,sanrio_2023,
990,【友達のいる世界へ】ルチル,19,4,5,rutile,sanrio_2023,
991,【友達のいる世界へ】ミチル,21,4,5,mitile,sanrio_2023,
992,【いたずらにエスコートを】カイン,3,4,1,cain,halloween_2023,
993,【気まぐれに愛してやろう】スノウ,5,4,2,snow,adult_halloween_2023,
994,【戯れにもてなしてやろう】ホワイト,6,4,2,white,adult_halloween_2023,
995,【冷ややかな弟子】オズ,1,3,1,oz,halloween_2023,
996,【指先ひとつでかしずかせて】オーエン,8,3,2,owen,halloween_2023,
997,【湯加減はどうだ？】レノックス,20,3,5,lennox,halloween_2023,
998,【夜もすがらの大脱出？】ブラッドリー,9,2,2,bradley,halloween_2023,
999,【二人の酒を取り上げて】フィガロ,18,2,5,figaro,halloween_2023,
1000,【戯れは意のままに】オーエン,8,4,2,owen,bd_202311,
1001,【さめない夜をありがとう】クロエ,16,4,4,chloe,bd_202311,
1002,【赤き獣はその尾に坐して】ミスラ,7,4,2,mithra,rensen03,
1003,【助けて賢者ちゃん！】スノウ,5,3,2,snow,rensen03,
1004,【薄紅色の出会い】ヒースクリフ,12,2,3,heathcliff,rensen03,
1005,【こんな魔法はいかが？】ラスティカ,17,2,4,rustica,rensen03,
1006,【揺蕩う世界できみと】オズ,1,4,1,oz,4th,
1007,【揺蕩う世界できみと】アーサー,2,4,1,arthur,4th,
1008,【揺蕩う世界できみと】カイン,3,4,1,cain,4th,
1009,【揺蕩う世界できみと】リケ,4,4,1,riquet,4th,
1010,【揺蕩う世界できみと】スノウ,5,4,2,snow,4th,
1011,【揺蕩う世界できみと】ホワイト,6,4,2,white,4th,
1012,【揺蕩う世界できみと】ミスラ,7,4,2,mithra,4th,
1013,【揺蕩う世界できみと】オーエン,8,4,2,owen,4th,
1014,【揺蕩う世界できみと】ブラッドリー,9,4,2,bradley,4th,
1015,【揺蕩う世界できみと】ファウスト,10,4,3,faust,4th,
1016,【揺蕩う世界できみと】シノ,11,4,3,shino,4th,
1017,【揺蕩う世界できみと】ヒースクリフ,12,4,3,heathcliff,4th,
1018,【揺蕩う世界できみと】ネロ,13,4,3,nero,4th,
1019,【揺蕩う世界できみと】シャイロック,14,4,4,shylock,4th,
1020,【揺蕩う世界できみと】ムル,15,4,4,murr,4th,
1021,【揺蕩う世界できみと】クロエ,16,4,4,chloe,4th,
1022,【揺蕩う世界できみと】ラスティカ,17,4,4,rustica,4th,
1023,【揺蕩う世界できみと】フィガロ,18,4,5,figaro,4th,
1024,【揺蕩う世界できみと】ルチル,19,4,5,rutile,4th,
1025,【揺蕩う世界できみと】レノックス,20,4,5,lennox,4th,
1026,【揺蕩う世界できみと】ミチル,21,4,5,mitile,4th,
1027,【秘密のロージェで乾杯】ブラッドリー,9,4,2,bradley,bd_202312,
1028,【ボクと踊ってくれますか？】ミチル,21,4,5,mitile,bd_202312,
1029,【自由の空にきみと羽ばたき】リケ,4,4,1,riquet,constant_2312,
1030,【とびきりの味は優しさと共に】ネロ,13,4,3,nero,constant_2312,
1031,【迷える幼子に癒しの光を】フィガロ,18,4,5,figaro,constant_2312,
1032,【魔王様の大冒険？】オズ,1,3,1,oz,constant_2312,
1033,【真相に瞳を伏せ】ファウスト,10,3,3,faust,constant_2312,
1034,【輝く汗を拭って】レノックス,20,3,5,lennox,constant_2312,
1035,【キュートなキノコの正体は】アーサー,2,2,1,arthur,constant_2312,
1036,【収穫してみる？】ムル,15,2,4,murr,constant_2312,
1037,【お菓子のように甘く微笑み】オーエン,8,4,2,owen,christmas_2023,
1038,【氷溶かす願いをここに】ヒースクリフ,12,4,3,heathcliff,christmas_2023,
1039,【願いの灯火を見つめて】レノックス,20,4,5,lennox,christmas_2023,
1040,【吹雪の妖精の住処で】オズ,1,3,1,oz,christmas_2023,
1041,【あの頃のおまえは】シノ,11,3,3,shino,christmas_2023,
1042,【待つ人のいる場所へ】ルチル,19,3,5,rutile,christmas_2023,
1043,【霜と雪の飾り付けを】カイン,3,2,1,cain,christmas_2023,
1044,【どこに飾りましょうか】シャイロック,14,2,4,shylock,christmas_2023,
1045,【穏やかな時間をあなたへ】ファウスト,10,4,3,faust,bd_202401,
1046,【友達のいる世界へ】カイン,3,4,1,cain,sanrio_2023,
1047,【友達のいる世界へ】スノウ,5,4,2,snow,sanrio_2023,
1048,【友達のいる世界へ】ホワイト,6,4,2,white,sanrio_2023,
1049,【友達のいる世界へ】シノ,11,4,3,shino,sanrio_2023,
1050,【友達のいる世界へ】ネロ,13,4,3,nero,sanrio_2023,
1051,【友達のいる世界へ】クロエ,16,4,4,chloe,sanrio_2023,
1052,【友達のいる世界へ】フィガロ,18,4,5,figaro,sanrio_2023,
1053,【我が友に最大の加護を】アーサー,2,4,1,arthur,constant_2401,
1054,【この杯に贄を捧ぐ】ファウスト,10,4,3,faust,constant_2401,
1055,【英雄に至る一閃】シノ,11,4,3,shino,constant_2401,
1056,【おいで、サクリフィキウム】ホワイト,6,3,2,white,constant_2401,
1057,【糖蜜の笑みを浮かべ】シャイロック,14,3,4,shylock,constant_2401,
1058,【古の魔を打ち破るもの】ムル,15,3,4,murr,constant_2401,
1059,【怪物を避けるのは】オズ,1,2,1,oz,constant_2401,
1060,【特製ガーリックリング】ミチル,21,2,5,mitile,constant_2401,
1061,【うまく弾けてるでしょう？】ミスラ,7,4,2,mithra,bd_202402,
1062,【うきうきの一曲を始めよう！】ムル,15,4,4,murr,bd_202402,
1063,【六花の煌めきをあなたへ】ミスラ,7,4,2,mithra,vd_2024,
1064,【北の獣が惚れるのは】ブラッドリー,9,4,2,bradley,vd_2024,
1065,【真紅のハートに乾杯】ミチル,21,4,5,mitile,vd_2024,
1066,【酩酊を誘う一杯】ネロ,13,3,3,nero,vd_2024,
1067,【砕けた秘密を紐解いて】ムル,15,3,4,murr,vd_2024,
1068,【溢れ出る冷笑】フィガロ,18,3,5,figaro,vd_2024,
1069,【かわいいのポーズ！】スノウ,5,2,2,snow,vd_2024,
1070,【プレゼントみたいに】ラスティカ,17,2,4,rustica,vd_2024,
1071,【この手に星光の調べを】アーサー,2,4,1,arthur,bd_202403,
1072,【心躍る旋律を綴って】ラスティカ,17,4,4,rustica,bd_202403,
1073,【翠黛の精霊を従えて】オズ,1,4,1,oz,constant_2403,
1074,【別れの道を憂う瞳】シノ,11,4,3,shino,constant_2403,
1075,【厳しさの奥に隠したもの】ネロ,13,4,3,nero,constant_2403,
1076,【青い眼差しは柔らかく】アーサー,2,3,1,arthur,constant_2403,
1077,【木の葉の囁きを聞いて】ラスティカ,17,3,4,rustica,constant_2403,
1078,【その道の分かれ目で】ミチル,21,3,5,mitile,constant_2403,
1079,【会心の一品】ホワイト,6,2,2,white,constant_2403,
1080,【審美眼にかなうのは】ブラッドリー,9,2,2,bradley,constant_2403,
1081,【ほら、起きて？】オーエン,8,4,2,owen,wd_2024,
1082,【青年は淡く笑んで】ファウスト,10,4,3,faust,wd_2024,
1083,【紫花に安らぎの眠りを】ルチル,19,4,5,rutile,wd_2024,
1084,【王子直伝エスコート】アーサー,2,3,1,arthur,wd_2024,
1085,【その願いの行方は】ミスラ,7,3,2,mithra,wd_2024,
1086,【温かな手を繋げば】クロエ,16,3,4,chloe,wd_2024,
1087,【甘く爽やかなひと口を】ヒースクリフ,12,2,3,heathcliff,wd_2024,
1088,【配達ご苦労様】フィガロ,18,2,5,figaro,wd_2024,
1089,【友達のいる世界へ】アーサー,2,4,1,arthur,sanrio_2024,
1090,【友達のいる世界へ】リケ,4,4,1,riquet,sanrio_2024,
1091,【友達のいる世界へ】ミスラ,7,4,2,mithra,sanrio_2024,
1092,【友達のいる世界へ】ブラッドリー,9,4,2,bradley,sanrio_2024,
1093,【友達のいる世界へ】ヒースクリフ,12,4,3,heathcliff,sanrio_2024,
1094,【友達のいる世界へ】ムル,15,4,4,murr,sanrio_2024,
1095,【友達のいる世界へ】レノックス,20,4,5,lennox,sanrio_2024,
1096,【春嵐が運ぶメロディ】オズ,1,4,1,oz,bd_202404,
1097,【ワルツの波を乗りこなし】シノ,11,4,3,shino,bd_202404,
1098,【月時雨に切なる誓いを】スノウ,5,4,2,snow,adult_af_2024,
1099,【荒事をご所望かな？】ヒースクリフ,12,4,3,heathcliff,af_2024,
1100,【紅煙けぶる街の歓待】シャイロック,14,4,4,shylock,af_2024,
1101,【剣豪は不敵に笑い】カイン,3,3,1,cain,af_2024,
1102,【縄鏢使いが睨める先】リケ,4,3,1,riquet,af_2024,
1103,【来客を妖しく迎えて】オーエン,8,3,2,owen,af_2024,
1104,【ホルスターに忍ばせて】アーサー,2,2,1,arthur,af_2024,
1105,【ベンティスカの暴れん坊】ミスラ,7,2,2,mithra,af_2024,
1106,【ぴかぴか見ーつけた！】ムル,15,2,4,murr,,1
1107,【冷酷な主人のように】スノウ,5,4,2,snow,sonatine+,1
1108,【甘やかな執事のように】ラスティカ,17,4,4,rustica,sonatine+,1
1109,【ポットに沈める甘さ】オーエン,8,2,2,owen,sonatine+,1
1110,【お客様、こちらへ】ヒースクリフ,12,2,3,heathcliff,sonatine+,1
1111,【グラン・ギニョルに挽歌を】オーエン,8,4,2,owen,,1
1112,【悲劇を変える絵空事】ラスティカ,17,4,4,rustica,,1
1113,【優しい虚構を演じて】レノックス,20,4,5,lennox,,1
1114,【嘘つきピエロの言葉は】ファウスト,10,3,3,faust,,1
1115,【警戒にじむ視線の先】ネロ,13,3,3,nero,,1
1116,【パペットコミュニケート】クロエ,16,3,4,chloe,,1
1117,【オレの最高得点】シノ,11,2,3,shino,,1
1118,【止まらぬマジック】ミチル,21,2,5,mitile,,1
1119,【我らと祝いのリズムを！】スノウ,5,4,2,snow,bd_202405+,1
1120,【我らと祝いのメロディを！】ホワイト,6,4,2,white,bd_202405+,1
1121,【あなたと、新緑の夜に】レノックス,20,4,5,lennox,bd_202405+,1
1122,【迎え撃つは紫電の一閃】ミスラ,7,4,2,mithra,sonatine+,1
1123,【狙い撃つは緑炎の鉄拳】ミチル,21,4,5,mitile,sonatine+,1
1124,【腕っぷしには自信あり？】ネロ,13,2,3,nero,sonatine+,1
1125,【気合いっぱい特訓中】クロエ,16,2,4,chloe,sonatine+,1
1126,【木漏れ日の笑みは面映く】カイン,3,4,1,cain,,1
1127,【若葉を導く言の葉】ブラッドリー,9,4,2,bradley,,1
1128,【紫揺れる現の中で】ムル,15,4,4,murr,,1
1129,【その瞳に魅入られて】シャイロック,14,3,4,shylock,,1
1130,【孔雀に宿る優しい記憶を】ルチル,19,3,5,rutile,,1
1131,【大樹の棲家に在るのは】ミチル,21,3,5,mitile,,1
1132,【危険な実験中？】オズ,1,2,1,oz,,1
1133,【取り扱いにはご注意を！】リケ,4,2,1,riquet,,1
1134,【涙雨の歌を迎えに】ヒースクリフ,12,4,3,heathcliff,bd_202406+,1
1135,【踊るきみに手を振って】フィガロ,18,4,5,figaro,bd_202406+,1
1136,【この薔薇はあなただけに】アーサー,2,4,1,arthur,jb_2024+,1
1137,【ウインクは悪戯で】ホワイト,6,4,2,white,jb_2024+,1
1138,【俺と、祝福の鐘を】クロエ,16,4,4,chloe,jb_2024+,1
1139,【空飛ぶ星を捕まえて】ヒースクリフ,12,3,3,heathcliff,jb_2024+,1
1140,【甘すぎるのはご勘弁】フィガロ,18,3,5,figaro,jb_2024+,1
1141,【花の軌跡を描きながら】ルチル,19,3,5,rutile,jb_2024+,1
1142,【愛の日を彩って】シャイロック,14,2,4,shylock,jb_2024+,1
1143,【永遠の指輪をここに】ムル,15,2,4,murr,jb_2024+,1
1144,【炯眼見据える鎌の先】シノ,11,4,3,shino,rensen04+,1
1145,【同じ毛色にじゃれつき】ネロ,13,3,3,nero,rensen04+,1
1146,【悪戯ロープに絡まれて】クロエ,16,2,4,chloe,rensen04+,1
1147,【溢れる黄金を見つめ】フィガロ,18,2,5,figaro,rensen04+,1
1148,【ランウェイに美の夢を】ヒースクリフ,12,4,3,heathcliff,sonatine+,1
1149,【ショーモデルに華の魔法を】クロエ,16,4,4,chloe,sonatine+,1
1150,【採寸はきっちりと】ファウスト,10,2,3,faust,sonatine+,1
1151,【踊るように糸を操り】ルチル,19,2,5,rutile,sonatine+,1
1152,【さあ、喜びの歌を！】ルチル,19,4,5,rutile,bd_202407+,1
1153,【おまえと星宵を越えて】オズ,1,4,1,oz,,1
1154,【願いは星に代わって】リケ,4,4,1,riquet,,1
1155,【蝶舞う夜に想うのは】シャイロック,14,4,4,shylock,,1
1156,【そなたに星散る呪文を】スノウ,5,3,2,snow,,1
1157,【そなたに星散る衣装を】ホワイト,6,3,2,white,,1
1158,【教えてミチル先生！】ミチル,21,3,5,mitile,,1
1159,【星飾り完成……？】カイン,3,2,1,cain,,1
1160,【羊と彼の願いごと】レノックス,20,2,5,lennox,,1
1161,【チャコールグレーを拭って】シノ,11,4,3,shino,,1
1162,【お疲れ様をみんなに！】ルチル,19,4,5,rutile,,1
1163,【滴る汗は爽やかに】レノックス,20,4,5,lennox,,1
1164,【晩餐はワイルドで】アーサー,2,2,1,arthur,,1
1165,【働くきみに労いを】ヒースクリフ,12,2,3,heathcliff,,1
1166,【店主は魔法をかけて】シャイロック,14,3,4,shylock,,1
1167,【火起こし不要の魔法】ブラッドリー,9,2,2,bradley,,1
1168,【熱々マシュマロを召し上がれ】クロエ,16,2,4,chloe,,1
1169,【若狼は朝色を見据えて】カイン,3,4,1,cain,sonatine+,1
1170,【狡狼は夕色を射すくめ】ブラッドリー,9,4,2,bradley,sonatine+,1
1171,【少年心の憧れ】アーサー,2,2,1,arthur,sonatine+,1
1172,【磨き上げは慎重に】ファウスト,10,2,3,faust,sonatine+,1
1173,【あなたと短夜に踊り】カイン,3,4,1,cain,bd_202408+,1
1174,【翠玉の瞳に好奇を宿して】ムル,15,4,4,murr,rensen05+,1
1175,【いたずらは華やかに】ラスティカ,17,3,4,rustica,rensen05+,1
1176,【むにむに新触感】ホワイト,6,2,2,white,rensen05+,1
1177,【掘り出し物を携え】ファウスト,10,2,3,faust,rensen05+,1
1178,【紅蓮と遊ぶ童のように】ミスラ,7,4,2,mithra,,1
1179,【きみと恵みを分け合って】ムル,15,4,4,murr,,1
1180,【もう、くすぐったいだろ？】クロエ,16,4,4,chloe,,1
1181,【荒ぶる大地を鎮めて】オズ,1,3,1,oz,,1
1182,【忍び寄る黒き影】カイン,3,3,1,cain,,1
1183,【これが欲しいの？】オーエン,8,3,2,owen,,1
1184,【目元に朱を添えて】スノウ,5,2,2,snow,,1
1185,【この角は誰のもの】ラスティカ,17,2,4,rustica,,1
1186,【あんたも踊ってみる？】ネロ,13,4,3,nero,bd_202409+,1
1187,【猫耳は受難のはじまり】ファウスト,10,4,3,faust,,1
1188,【にゃーんといきましょう！】ルチル,19,4,5,rutile,,1
1189,【子猫と子猫のたわむれ】ミチル,21,4,5,mitile,,1
1190,【毛糸のデコレーション】ミスラ,7,3,2,mithra,,1
1191,【俺様が遊んでやるよ】ブラッドリー,9,3,2,bradley,,1
1192,【彼のいただきを目指して】レノックス,20,3,5,lennox,,1
1193,【ストレッチはしっかりと】シノ,11,2,3,shino,,1
1194,【マックス警戒中】リケ,4,2,1,riquet,,1
1195,【始まりの花を腕に抱いて】オズ,1,4,1,oz,,1
1196,【陽だまり贈る出会いの花】カイン,3,4,1,cain,,1
1197,【この籠の中においで】ラスティカ,17,4,4,rustica,,1
1198,【揺らぐ面影と見つめ合い】スノウ,5,3,2,snow,,1
1199,【あの日に止まった時を】ヒースクリフ,12,3,3,heathcliff,,1
1200,【それはまるで突き刺すような】ムル,15,3,4,murr,,1
1201,【サルヴァに華を添えて】ネロ,13,2,3,nero,,1
1202,【誰にあげようかな】フィガロ,18,2,5,figaro,,1
1203,【何なの、この服】オーエン,8,2,2,owen,,1
1204,【上手に歌えていますか？】リケ,4,4,1,riquet,bd_202410+,1
1205,【音すらも魅了して】シャイロック,14,4,4,shylock,bd_202410+,1
1206,【いたいけキュート担当！】リケ,4,4,1,riquet,sonatine+,1
1207,【あざとキュート担当！】ホワイト,6,4,2,white,sonatine+,1
1208,【たっぷりクリームをひと口】ムル,15,2,4,murr,sonatine+,1
1209,【真顔と真顔と甘いケーキ】レノックス,20,2,5,lennox,sonatine+,1
1210,【彷徨う像に静寂の呪文を】アーサー,2,4,1,arthur,halloween_2024+,1
1211,【神の遺香を抱き寄せて】ネロ,13,4,3,nero,halloween_2024+,1
1212,【涜神のものどもに下す決】フィガロ,18,4,5,figaro,halloween_2024+,1
1213,【不敬なる罪人に告ぐ】リケ,4,3,1,riquet,halloween_2024+,1
1214,【窺うロゼの視線は】ブラッドリー,9,3,2,bradley,halloween_2024+,1
1215,【力こぶでいざ勝負】シノ,11,3,3,shino,halloween_2024+,1
1216,【その頬をつつくのは】ミスラ,7,2,2,mithra,halloween_2024+,1
1217,【ぐるぐる呪い封じ】ルチル,19,2,5,rutile,halloween_2024+,1
1218,【おまえたちと遠空の歌を】オーエン,8,4,2,owen,bd_202411+,1
1219,【喝采のメロディに笑み】クロエ,16,4,4,chloe,bd_202411+,1
1220,【ここに、心繋ぐ魔法を】オズ,1,4,1,oz,5th,1
1221,【ここに、心繋ぐ魔法を】アーサー,2,4,1,arthur,5th,1
1222,【ここに、心繋ぐ魔法を】カイン,3,4,1,cain,5th,1
1223,【ここに、心繋ぐ魔法を】リケ,4,4,1,riquet,5th,1
1224,【ここに、心繋ぐ魔法を】スノウ,5,4,2,snow,5th,1
1225,【ここに、心繋ぐ魔法を】ホワイト,6,4,2,white,5th,1
1226,【ここに、心繋ぐ魔法を】ミスラ,7,4,2,mithra,5th,1
1227,【ここに、心繋ぐ魔法を】オーエン,8,4,2,owen,5th,1
1228,【ここに、心繋ぐ魔法を】ブラッドリー,9,4,2,bradley,5th,1
1229,【ここに、心繋ぐ魔法を】ファウスト,10,4,3,faust,5th,1
1230,【ここに、心繋ぐ魔法を】シノ,11,4,3,shino,5th,1
1231,【ここに、心繋ぐ魔法を】ヒースクリフ,12,4,3,heathcliff,5th,1
1232,【ここに、心繋ぐ魔法を】ネロ,13,4,3,nero,5th,1
1233,【ここに、心繋ぐ魔法を】シャイロック,14,4,4,shylock,5th,1
1234,【ここに、心繋ぐ魔法を】ムル,15,4,4,murr,5th,1
1235,【ここに、心繋ぐ魔法を】クロエ,16,4,4,chloe,5th,1
1236,【ここに、心繋ぐ魔法を】ラスティカ,17,4,4,rustica,5th,1
1237,【ここに、心繋ぐ魔法を】フィガロ,18,4,5,figaro,5th,1
1238,【ここに、心繋ぐ魔法を】ルチル,19,4,5,rutile,5th,1
1239,【ここに、心繋ぐ魔法を】レノックス,20,4,5,lennox,5th,1
1240,【ここに、心繋ぐ魔法を】ミチル,21,4,5,mitile,5th,1
1241,【傷痕に朝陽を纏って】ブラッドリー,9,4,2,bradley,bd_202412+,1
1242,【もう朝ですか……？】ミチル,21,4,5,mitile,bd_202412+,1
1243,【絡む欲までも弄して】ブラッドリー,9,4,2,bradley,,1
1244,【やっぱり、今のおまえが】シノ,11,4,3,shino,,1
1245,【紅い欲に指を絡ませ】シャイロック,14,4,4,shylock,,1
1246,【囚われた願いの行末】ヒースクリフ,12,3,3,heathcliff,,1
1247,【贈り物を紐解いて】ラスティカ,17,3,4,rustica,,1
1248,【うきうきの瞳の先は】ミチル,21,3,5,mitile,,1
1249,【ほっほっほ、サンタさんじゃ】スノウ,5,2,2,snow,,1
1250,【たくさんの『欲』を抱えて】クロエ,16,2,4,chloe,,1
1251,【珈琲と今日を始めれば】ファウスト,10,4,3,faust,bd_202501+,1
1252,【彩りの吹雪舞う部屋で】オズ,1,4,1,oz,,1
1253,【あなたの好きを伝えて】アーサー,2,4,1,arthur,,1
1254,【ほら、こっちにどうぞ！】ムル,15,4,4,murr,,1
1255,【我の好きなところは？】ホワイト,6,3,2,white,,1
1256,【うんざり顔の先は】ブラッドリー,9,3,2,bradley,,1
1257,【紅茶片手のマナー講義】フィガロ,18,3,5,figaro,,1
1258,【ぴょこぴょこ髪飾り】ファウスト,10,2,3,faust,,1
1259,【わんぱくガーランド】ヒースクリフ,12,2,3,heathcliff,,1
1260,【ひと口、あーん】カイン,3,4,1,cain,,1
1261,【滴る血ごと嚙み砕いて】ミスラ,7,4,2,mithra,,1
1262,【あなたに甘いぬくもりを】ネロ,13,4,3,nero,,1
1263,【あつあつの成果をどうぞ】リケ,4,3,1,riquet,,1
1264,【めちゃかわ、完成～！】スノウ,5,3,2,snow,,1
1265,【ひと口大は人それぞれ】レノックス,20,3,5,lennox,,1
1266,【貴公子の勘クッキング】ラスティカ,17,2,4,rustica,,1
1267,【痛む腰を庇いながら】フィガロ,18,2,5,figaro,,1
1268,【もう一度、手を貸して】ミスラ,7,4,2,mithra,bd_202502+,1
1269,【賢者様、おっはよー！】ムル,15,4,4,murr,bd_202502+,1
1270,【甘い誘惑を召し上がれ？】リケ,4,4,1,riquet,vd_2025+,1
1271,【そなたは、誰にも渡さぬ】スノウ,5,4,2,snow,vd_2025+,1
1272,【おねだりはとびきり甘く】シノ,11,4,3,shino,vd_2025+,1
1273,【宝石箱を味わって】アーサー,2,3,1,arthur,vd_2025+,1
1274,【牽制の笑みの先】カイン,3,3,1,cain,vd_2025+,1
1275,【小鳥に想う幸せ】クロエ,16,3,4,chloe,vd_2025+,1
1276,【俺が開けてやりますよ】ミスラ,7,2,2,mithra,vd_2025+,1
1277,【チョコっと考え中】レノックス,20,2,5,lennox,vd_2025+,1
1278,【ご奉仕なんてまっぴら】オーエン,8,4,2,owen,sonatine+,1
1279,【ご奉仕いたしましょう】シャイロック,14,4,4,shylock,sonatine+,1
1280,【魔王のデス・ハート・オムレツ】オズ,1,2,1,oz,sonatine+,1
1281,【お掃除もボクたちのお仕事】ミチル,21,2,5,mitile,sonatine+,1